baseline,K,dev_nll
age_sex,20,5.489895442921152
age_sex,50,5.468192782012625
age_sex,100,5.4528911930056925
age_sex,200,5.439408543157865
age_sex,500,5.426375894719044
age_sex,1000,5.422100661176239
age_sex,2000,5.424656686791974
age_sex,5000,5.441313343642563
age_sex,10000,5.464069456968946
age_sex,20000,5.492174510722538
bigram,20,5.852033086111424
bigram,50,5.705569405892464
bigram,100,5.615019611607394
bigram,200,5.546133730555712
bigram,500,5.492208194781041
bigram,1000,5.478783886603168
bigram,2000,5.48414713725131
bigram,5000,5.507551833821789
bigram,10000,5.528034603435158
bigram,20000,5.545387397494786
