code,disease,status,note,n_positives,auc_transformer,auc_transformer_lo,auc_transformer_hi,auc_age_sex,auc_age_sex_lo,auc_age_sex_hi,diff,diff_lo,diff_hi,n_resamples_used
I20,I20 (angina pectoris),eligible,,1039,0.7545757559578987,0.7395370389203444,0.7699785932134519,0.6244436139310475,0.6091529056080328,0.6389682650259177,0.1301321420268512,0.11317446780766448,0.14707749423520677,1000.0
I21,I21 (acute myocardial infarction),eligible,,523,0.6863795165010962,0.664535248226906,0.7062627311961492,0.6317385780174937,0.6097631968328112,0.6526020002254718,0.05464093848360252,0.03496733734040923,0.07543851745965183,1000.0
I22,I22 (subsequent myocardial infarction),eligible,,21,0.8486939240716982,0.7719529293501671,0.9222375738605523,0.631639676577822,0.5226774349880515,0.7371221157627788,0.21705424749387614,0.11157172335811412,0.33998294560962555,1000.0
I23,I23 (certain current complications following acute myocardial infarction),not eligible,not in outputs/transformer_per_disease_auc.csv,1,,,,,,,,,,
I24,I24 (other acute ischaemic heart diseases),eligible,,116,0.8144446674341786,0.7687688539166617,0.8549154176548452,0.6994293582542387,0.6591733964242669,0.7395490884166724,0.11501530917993996,0.06733176582746114,0.15692277819047007,1000.0
I25,I25 (chronic ischaemic heart disease),eligible,,1724,0.8429151723727757,0.8340592336161077,0.852709001445679,0.6847346720639454,0.6748730956703408,0.6943565600558579,0.15818050030883024,0.1464626099879874,0.16917726168783112,1000.0
I48,I48 (atrial fibrillation and flutter),eligible,,1420,0.7057220679808689,0.6927503270990448,0.7180013566086082,0.669962295133319,0.6575758369449437,0.6830868969904837,0.03575977284754994,0.025366523224189707,0.046920472049994104,1000.0
I50,I50 (heart failure),eligible,,508,0.8313943636785697,0.8152764477807705,0.8477756891574406,0.7398246366131556,0.7202712826794455,0.7594548408207076,0.09156972706541411,0.07279946362877215,0.10967474140756282,1000.0
I60,I60 (subarachnoid haemorrhage),eligible,,58,0.6311915374662775,0.5621452426888963,0.6981813201159079,0.6067761277645253,0.5354941415029666,0.6809713645181016,0.024415409701752266,-0.040730548679010825,0.08612781052810169,1000.0
I61,I61 (intracerebral haemorrhage),eligible,,64,0.7483469614466717,0.6898848926922935,0.8090223184910754,0.7080894233114229,0.6498022264493807,0.7644918095779817,0.040257538135248794,-0.00830856873261313,0.08440873237260463,1000.0
I62,I62 (other nontraumatic intracranial haemorrhage),eligible,,51,0.7146549298989637,0.6452447381119993,0.7848184812712855,0.737233737708311,0.668313578367024,0.7973391870461527,-0.02257880780934729,-0.08573624394196264,0.04348736523948618,1000.0
I63,I63 (cerebral infarction),eligible,,282,0.7618041431126653,0.7372250282126379,0.783393065586159,0.7028456911794867,0.6734710246390266,0.7287347638295282,0.05895845193317861,0.03560891953593407,0.08299824980910006,1000.0
I64,"I64 (stroke, not specified as haemorrhage or infarction)",eligible,,252,0.6918960982173076,0.6549817552199844,0.7253937484394505,0.5508590148299963,0.5150777870261336,0.5831690516518848,0.14103708338731125,0.0994855215214644,0.1839121871271528,1000.0
I65,"I65 (occlusion and stenosis of precerebral arteries, not resulting in cerebral infarction)",eligible,,79,0.7958160683434482,0.7496774129749749,0.8419940175436191,0.7368350600589729,0.6838141588834911,0.787405810336861,0.05898100828447528,0.003599483845972441,0.11527933462377528,1000.0
I66,"I66 (occlusion and stenosis of cerebral arteries, not resulting in cerebral infarction)",not eligible,not in outputs/transformer_per_disease_auc.csv,8,,,,,,,,,,
I67,I67 (other cerebrovascular diseases),eligible,,360,0.7758803513261983,0.7547305075505448,0.7957564772412621,0.7322965138824259,0.7075960623987354,0.7572621271059566,0.043583837443772366,0.023537148240962626,0.06401937648525068,1000.0
I68,I68 (cerebrovascular disorders in diseases classified elsewhere),not eligible,not in outputs/transformer_per_disease_auc.csv,3,,,,,,,,,,
I69,I69 (sequelae of cerebrovascular disease),eligible,,38,0.7634700320662666,0.6934590643895671,0.8350679446685334,0.7033481503074926,0.6292339859040871,0.7732607013246375,0.060121881758773976,-0.031433433222236296,0.16852291419980864,1000.0
E11,E11 (non-insulin-dependent diabetes mellitus),eligible,,1234,0.728008870522684,0.7131894686558871,0.7428244788667757,0.6168954360728045,0.602026084855894,0.6308050249838064,0.11111343444987953,0.0943553065426113,0.1287836391030165,1000.0
