disease,n_positives,sum_predicted,o_e_ratio
C62 Malignant neoplasm of testis,20,9.617694790271685,2.079500383005503
N03 (chronic nephritic syndrome),25,12.118301514500672,2.062995376875644
A37 (whooping cough),42,21.31305109506434,1.9706235307494915
H49 (paralytic strabismus),44,24.723039545267284,1.779716443014099
C82 Follicular [nodular] non-Hodgkin's lymphoma,30,16.905287109802885,1.774592753447167
L05 (pilonidal cyst),51,28.824305281510533,1.7693401281284014
H15 (disorders of sclera),52,30.358921537303104,1.7128408180147545
K50 (crohn's disease [regional enteritis]),80,48.758832910116325,1.6407283608997512
J61 (pneumoconiosis due to asbestos and other mineral fibres),33,20.114672850380202,1.6405934237889552
H46 (optic neuritis),24,14.743810422289698,1.6278017223903525
D73 (diseases of spleen),39,25.564020553756336,1.5255816242985065
H73 (other disorders of tympanic membrane),24,15.837643196101453,1.5153769852516799
I11 (hypertensive heart disease),31,20.914042461246027,1.4822576772254037
J93 (pneumothorax),85,57.5516921207427,1.476933116435067
G63 (polyneuropathy in diseases classified elsewhere),23,15.720286885849418,1.46307762491939
"D47 Other neoplasms of uncertain or unknown behaviour of lymphoid, haematopoietic and related tissue",28,19.864716627630514,1.4095343278672217
I78 (diseases of capillaries),109,77.97833051816633,1.397824232395007
G30 (alzheimer's disease),181,129.6335932565662,1.3962430219902278
"M99 (biomechanical lesions, not elsewhere classified)",24,17.271374630925493,1.3895825035852374
H72 (perforation of tympanic membrane),65,46.90489092294956,1.3857829902381649
I05 (rheumatic mitral valve diseases),25,18.16985252274344,1.3759054988865307
F39 (unspecified mood [affective] disorder),28,20.61626155886961,1.358151181776879
F31 (bipolar affective disorder),37,27.24989208857187,1.357803542110802
L73 (other follicular disorders),152,112.05705984825909,1.3564517952356525
B86 (scabies),76,56.419534738742186,1.3470511650251573
N36 (other disorders of urethra),73,54.55669491899607,1.3380575951015348
O34 (maternal care for known or suspected abnormality of pelvic organs),29,21.685190111142788,1.3373182273877575
M60 (myositis),24,17.96995160829374,1.3355628620014306
M45 (ankylosing spondylitis),53,39.90618584416097,1.328114899453737
M66 (spontaneous rupture of synovium and tendon),83,62.51974304337273,1.327580632287935
O26 (maternal care for other conditions predominantly related to pregnancy),26,19.59545302225729,1.326838423713306
I85 (oesophageal varices),27,20.389384991579846,1.3242184602993237
O02 (other abnormal products of conception),38,28.789634034819528,1.3199195222155664
G81 (hemiplegia),100,76.69342136794694,1.3038928009253445
J35 (chronic diseases of tonsils and adenoids),46,35.45159044555294,1.2975440430704361
K06 (other disorders of gingiva and edentulous alveolar ridge),27,20.86714637010118,1.293899967016385
E55 (vitamin d deficiency),296,229.2134406683508,1.2913727883361026
I46 (cardiac arrest),68,52.70424115665082,1.2902187472519748
I42 (cardiomyopathy),77,59.85012617053417,1.2865469954165138
H31 (other disorders of choroid),41,31.89908093132908,1.2853034884692438
I45 (other conduction disorders),233,181.5100389198269,1.2836755552838388
C83 Diffuse non-Hodgkin's lymphoma,36,28.1326201709835,1.2796532914886847
F20 (schizophrenia),24,18.821593795054923,1.2751311212712295
K55 (vascular disorders of intestine),152,119.29569602389529,1.2741448775281377
"C64 Malignant neoplasm of kidney, except renal pelvis",46,36.21230172569176,1.270286554785997
"K09 (cysts of oral region, not elsewhere classified)",28,22.166211761228624,1.263183817858105
H34 (retinal vascular occlusions),167,132.24004099964804,1.2628550228628896
"N12 (tubulo-interstitial nephritis, not specified as acute or chronic)",73,58.07490957184018,1.2569972220050913
H10 (conjunctivitis),725,580.5110246210679,1.2488996233503888
C90 Multiple myeloma and malignant plasma cell neoplasms,50,40.0512159740847,1.2484015474674404
"G04 (encephalitis, myelitis and encephalomyelitis)",23,18.4911560240962,1.2438378633563112
F34 (persistent mood [affective] disorders),26,20.987152950126074,1.2388531241844223
E86 (volume depletion),245,198.1049407957189,1.2367182717196243
N45 (orchitis and epididymitis),133,107.61266661535774,1.2359139884097914
I60 (subarachnoid haemorrhage),58,47.12709617650762,1.2307144871130933
D51 (vitamin b12 deficiency anaemia),131,107.03695376233372,1.2238763847005039
H20 (iridocyclitis),115,94.27106085158812,1.2198865586231777
"B08 (other viral infections characterised by skin and mucous membrane lesions, not elsewhere classified)",27,22.294256186353778,1.2110742683815838
G03 (meningitis due to other and unspecified causes),44,36.35884913417294,1.2101593160341617
"N99 (postprocedural disorders of genito-urinary system, not elsewhere classified)",52,42.995999190632574,1.209414852052772
N46 (male infertility),21,17.410030289728297,1.206201232882963
N20 (calculus of kidney and ureter),262,219.5583524136673,1.1933046368756168
"N47 (redundant prepuce, phimosis and paraphimosis)",128,107.27652632002355,1.193178082762998
I27 (other pulmonary heart diseases),85,71.32222311096143,1.1917744048409569
K10 (other diseases of jaws),78,65.46442304972516,1.191486862119798
H18 (other disorders of cornea),176,148.51455299386362,1.1850690484674054
I77 (other disorders of arteries and arterioles),120,101.44145616635251,1.1829483185179595
E80 (disorders of porphyrin and bilirubin metabolism),74,62.60613049978838,1.1819928720918176
M90 (osteopathies in diseases classified elsewhere),39,33.09724243815572,1.1783459021661384
M71 (other bursopathies),188,159.60781184703956,1.1778872088051062
I72 (other aneurysm),56,47.6496755343278,1.1752440991892266
N40 (hyperplasia of prostate),1187,1010.0621265849413,1.1751752379957978
K05 (gingivitis and periodontal diseases),60,51.09159532056401,1.1743614507149753
G24 (dystonia),45,38.407897615972615,1.1716340334464426
"G98 (other disorders of nervous system, not elsewhere classified)",43,36.70200596417817,1.1715980876350134
B80 (enterobiasis),26,22.212826892173325,1.1704948733545069
"J15 (bacterial pneumonia, not elsewhere classified)",29,24.776004412663497,1.1704873601482544
I74 (arterial embolism and thrombosis),55,47.052490673274406,1.16890730358807
J39 (other diseases of upper respiratory tract),56,47.96261510896511,1.1675760354762756
K01 (embedded and impacted teeth),61,52.31709034296364,1.1659669832575879
E22 (hyperfunction of pituitary gland),25,21.44444730499481,1.1658029532977068
I49 (other cardiac arrhythmias),408,350.0180583133042,1.1656541435779169
E23 (hypofunction and other disorders of pituitary gland),35,30.046847045216055,1.1648476776059127
G45 (transient cerebral ischaemic attacks and related syndromes),496,425.93333149412865,1.1645014919590466
K52 (other non-infective gastro-enteritis and colitis),686,591.6016245387436,1.1595640910128608
D70 (agranulocytosis),241,207.92521299267173,1.1590705933700016
F02 (dementia in other diseases classified elsewhere),30,25.921622344162188,1.157334969304354
I80 (phlebitis and thrombophlebitis),642,556.1004817489302,1.1544676206374012
I22 (subsequent myocardial infarction),21,18.190208825398713,1.1544672302320147
B27 (infectious mononucleosis),69,59.85905296474266,1.1527078458899345
M18 (arthrosis of first carpometacarpal joint),115,99.94310073267661,1.150654714101746
G20 (parkinson's disease),142,123.5425088991069,1.1494019448477182
O68 (labour and delivery complicated by foetal stress [distress]),28,24.37106998564741,1.148903187939214
N34 (urethritis and urethral syndrome),35,30.49559910367043,1.147706588121675
K14 (diseases of tongue),150,131.3789357607966,1.1417355387404495
M21 (other acquired deformities of limbs),168,147.23145321461925,1.1410605297436442
L84 (corns and callosities),158,138.4683041331009,1.1410553555138836
I25 (chronic ischaemic heart disease),1724,1512.119579227092,1.1401214716637749
K61 (abscess of anal and rectal regions),81,71.06755534644981,1.1397606067231405
F00 (dementia in alzheimer's disease),88,77.25454336608209,1.1390915817468361
L50 (urticaria),359,315.47820815431623,1.1379549861789346
N75 (diseases of bartholin's gland),60,52.79338785049322,1.1365059611236799
E73 (lactose intolerance),21,18.494626037877424,1.1354649700400274
M41 (scoliosis),140,123.3510509109874,1.134972089544878
E03 (other hypothyroidism),876,771.8336611271952,1.1349595698128518
H33 (retinal detachments and breaks),245,215.9054030545085,1.1347562244106792
L51 (erythema multiforme),21,18.510592480631203,1.134485566681543
G93 (other disorders of brain),125,110.18622482371575,1.134443077616866
I82 (other venous embolism and thrombosis),38,33.57504410231695,1.1317930032853685
M47 (spondylosis),1230,1087.4171688978095,1.1311206362933468
D07 Carcinoma in situ of other and unspecified genital organs,21,18.597622219762343,1.1291766093455122
G54 (nerve root and plexus disorders),61,54.034743478034216,1.1289032957988825
L70 (acne),115,101.87588923278054,1.1288245026969201
B02 (zoster [herpes zoster]),806,714.2987272426399,1.128379443025677
N21 (calculus of lower urinary tract),83,73.58635033767086,1.127926573598664
E04 (other non-toxic goitre),158,140.26413097439945,1.1264462190183009
M50 (cervical disk disorders),131,116.59492331841466,1.1235480608554957
N43 (hydrocele and spermatocele),103,91.7827664527399,1.1222150299101736
I73 (other peripheral vascular diseases),420,374.8370415209356,1.1204869142489535
G62 (other polyneuropathies),185,165.20110803647185,1.1198472104627597
H17 (corneal scars and opacities),20,17.87603547738331,1.1188163071898083
"F05 (delirium, not induced by alcohol and other psychoactive substances)",181,161.79172525535114,1.1187222320197958
I34 (nonrheumatic mitral valve disorders),239,213.67771562037524,1.118506903287065
H68 (eustachian salpingitis and obstruction),74,66.39947266857507,1.114466682128065
"I65 (occlusion and stenosis of precerebral arteries, not resulting in cerebral infarction)",79,70.97508650446343,1.1130666250759962
H81 (disorders of vestibular function),625,561.7337906482426,1.1126266754911576
I95 (hypotension),696,627.7332224981328,1.10875125778781
L53 (other erythematous conditions),50,45.10442398218402,1.1085387105209392
G95 (other diseases of spinal cord),68,61.41451057927952,1.1072301864592622
M06 (other rheumatoid arthritis),362,327.25727247892064,1.1061633474419341
C50 Malignant neoplasm of breast,389,352.0409752789492,1.1049850083268442
I67 (other cerebrovascular diseases),360,326.58595399726437,1.1023131754252222
D68 (other coagulation defects),65,58.97769304808753,1.102111605942304
G99 (other disorders of nervous system in diseases classified elsewhere),62,56.3564371195971,1.1001405193239306
H16 (keratitis),61,55.45565749395246,1.0999779419557358
E21 (hyperparathyroidism and other disorders of parathyroid gland),109,99.2661027464801,1.0980586220694057
B97 (viral agents as the cause of diseases classified to other chapters),65,59.427155511874844,1.09377605978485
F03 (unspecified dementia),196,179.37106584185744,1.0927068927203871
L74 (eccrine sweat disorders),52,47.592405071241956,1.0926113089296545
E83 (disorders of mineral metabolism),331,303.3284090053712,1.0912265062325197
K11 (diseases of salivary glands),133,121.90751026307044,1.0909910284689803
H90 (conductive and sensorineural hearing loss),354,325.23114506671845,1.0884566418981179
M15 (polyarthrosis),596,548.0506889678582,1.0874906500390404
C34 Malignant neoplasm of bronchus and lung,104,95.6909244413564,1.0868324306317656
J22 (unspecified acute lower respiratory infection),2850,2623.3254374694225,1.0864073360067892
M24 (other specific joint derangements),122,112.39110469440493,1.0854951584622463
H11 (other disorders of conjunctiva),380,350.3303507622477,1.0846904904847587
G47 (sleep disorders),519,478.72135449619964,1.0841379753075546
H61 (other disorders of external ear),1272,1174.1799606019922,1.0833092393672399
H66 (suppurative and unspecified otitis media),319,294.6430442695055,1.082665979069289
E53 (deficiency of other b group vitamins),223,206.19850004767795,1.0814821637811969
L89 (decubitus ulcer),124,115.02474722880288,1.0780288849784985
J00 (acute nasopharyngitis [common cold]),233,216.4003593520465,1.0767080087004324
N88 (other noninflammatory disorders of cervix uteri),49,45.53107174056436,1.0761881529870758
I48 (atrial fibrillation and flutter),1420,1324.619635611918,1.0720058512072563
H65 (nonsuppurative otitis media),159,148.4409246934647,1.0711331819600298
M35 (other systemic involvement of connective tissue),319,297.84420793953905,1.071029724589291
L25 (unspecified contact dermatitis),114,106.46174475686348,1.0708071736035543
M12 (other specific arthropathies),26,24.297075467540708,1.0700876339925884
B99 (other and unspecified infectious diseases),36,33.64825214457869,1.0698921253120786
M00 (pyogenic arthritis),26,24.328897369638526,1.0686879723717748
"G31 (other degenerative diseases of nervous system, not elsewhere classified)",77,72.12130849329878,1.0676456321803218
B34 (viral infection of unspecified site),442,414.30055622573127,1.0668583311270687
K58 (irritable bowel syndrome),774,725.8195956883428,1.0663806882562388
G44 (other headache syndromes),164,153.82757588175446,1.0661287422618229
N30 (cystitis),651,610.6436241384363,1.0660882620669347
K42 (umbilical hernia),239,224.25651741330512,1.0657438310233036
"N28 (other disorders of kidney and ureter, not elsewhere classified)",300,281.5755965916469,1.0654332393551595
M43 (other deforming dorsopathies),210,197.25402036563173,1.064617084157485
I21 (acute myocardial infarction),523,491.80470322369365,1.063430253049283
F10 (mental and behavioural disorders due to use of alcohol),248,233.223034923838,1.063359800977582
D61 (other aplastic anaemias),48,45.15919495784283,1.062906458912944
J92 (pleural plaque),128,120.43508192690933,1.062813243052234
E29 (testicular dysfunction),28,26.34585841054536,1.06278564029603
I47 (paroxysmal tachycardia),238,224.1511730796483,1.0617834237942212
F45 (somatoform disorders),98,92.31999341985284,1.0615252056433284
"J18 (pneumonia, organism unspecified)",953,898.9342117265769,1.0601443215400372
D41 Neoplasm of uncertain or unknown behaviour of urinary organs,36,33.96787331415089,1.0598249606931538
"M96 (postprocedural musculoskeletal disorders, not elsewhere classified)",31,29.302090017105456,1.0579450128609722
H01 (other inflammation of eyelid),292,276.1303805679345,1.0574714719887957
M75 (shoulder lesions),1218,1152.0510015133186,1.0572448601668256
K31 (other diseases of stomach and duodenum),539,510.9676809079465,1.05486123709868
L40 (psoriasis),411,389.69886921561556,1.0546604890777826
G55 (nerve root and plexus compressions in diseases classified elsewhere),201,190.67410077091154,1.0541547026436207
K90 (intestinal malabsorption),133,126.28476385113026,1.0531753470813465
K29 (gastritis and duodenitis),1606,1524.9579637589777,1.0531437837415898
L91 (hypertrophic disorders of skin),148,140.61814938415046,1.0524957172895462
M31 (other necrotising vasculopathies),86,81.72053550680903,1.0523670637576084
N48 (other disorders of penis),301,286.03240732486574,1.0523283106803158
"E89 (postprocedural endocrine and metabolic disorders, not elsewhere classified)",101,96.05053325640074,1.0515298205621304
A08 (viral and other specified intestinal infections),255,242.99995194292933,1.0493829235813552
I20 (angina pectoris),1039,990.9502812560677,1.0484885262689743
I86 (varicose veins of other sites),73,69.63854034522774,1.0482701050037535
E06 (thyroiditis),41,39.13529343812479,1.047647695930105
H53 (visual disturbances),449,428.8102511673933,1.0470831767142743
K43 (ventral hernia),239,228.32014895877364,1.0467757711701333
"M53 (other dorsopathies, not elsewhere classified)",224,214.01234899808333,1.0466685733261407
A04 (other bacterial intestinal infections),282,269.5745684367721,1.0460927439679544
M46 (other inflammatory spondylopathies),179,171.1912218500147,1.045614360745826
H60 (otitis externa),855,817.7106411261557,1.0456021445709562
"M70 (soft tissue disorders related to use, overuse and pressure)",775,741.3275699381629,1.0454217965543164
J34 (other disorders of nose and nasal sinuses),488,466.8894216206536,1.0452153709245926
K76 (other diseases of liver),448,428.65066314810974,1.0451401071207596
K66 (other disorders of peritoneum),249,238.24615926896513,1.0451375197989843
A41 (other septicaemia),323,309.4004078347316,1.0439546678701623
M16 (coxarthrosis [arthrosis of hip]),1008,966.0073135511338,1.043470360793126
"I64 (stroke, not specified as haemorrhage or infarction)",252,241.79204394296903,1.0422179154060118
K25 (gastric ulcer),308,295.5500633275369,1.042124628674722
M84 (disorders of continuity of bone),192,184.32135744830885,1.041658995235235
L21 (seborrhoeic dermatitis),353,339.26434329155745,1.0404865910021035
I10 (essential (primary) hypertension),4123,3963.9554309998275,1.0401226935490686
D04 Carcinoma in situ of skin,55,52.88417757435036,1.0400086098091434
M94 (other disorders of cartilage),73,70.22127438636016,1.0395709938038318
I87 (other disorders of veins),79,76.00613524165237,1.0393897775334713
J44 (other chronic obstructive pulmonary disease),827,795.8050530061773,1.0391992321184476
"J38 (diseases of vocal cords and larynx, not elsewhere classified)",114,109.72341088345274,1.0389760861616835
K13 (other diseases of lip and oral mucosa),298,287.384668038354,1.0369377115143432
L81 (other disorders of pigmentation),201,193.88615673613094,1.0366908261199412
N76 (other inflammation of vagina and vulva),106,102.3006300267898,1.0361617516162063
H02 (other disorders of eyelid),484,467.5623983502737,1.0351559528904035
K22 (other diseases of oesophagus),628,606.7411978461678,1.0350376770677474
L82 (seborrhoeic keratosis),1195,1155.3049988714047,1.0343588932510226
H40 (glaucoma),649,629.4084110742406,1.0311269893777262
E61 (deficiency of other nutrient elements),48,46.57002264388211,1.0307059622249453
L30 (other dermatitis),1661,1611.724490927998,1.030573158966909
K63 (other diseases of intestine),1148,1113.9583854651282,1.030559143841498
K41 (femoral hernia),58,56.34791025163213,1.0293194501977119
C15 Malignant neoplasm of oesophagus,23,22.35797839686893,1.0287155480578236
M10 (gout),691,672.3052813693357,1.0278068894425272
K82 (other diseases of gallbladder),140,136.28328625962604,1.0272719703375324
K56 (paralytic ileus and intestinal obstruction without hernia),325,316.4457881414928,1.0270321558354327
L08 (other local infections of skin and subcutaneous tissue),596,580.3528022203827,1.0269615270569081
I35 (nonrheumatic aortic valve disorders),346,337.21852522737026,1.026040902606726
A07 (other protozoal intestinal diseases),23,22.44199279763825,1.0248644230213135
"L98 (other disorders of skin and subcutaneous tissue, not elsewhere classified)",2100,2053.169291739163,1.0228089853327043
"K91 (postprocedural disorders of digestive system, not elsewhere classified)",101,98.76539346157551,1.0226254000526394
I69 (sequelae of cerebrovascular disease),38,37.17284684109654,1.022251541896678
M11 (other crystal arthropathies),59,57.717237191321146,1.0222249516973023
K92 (other diseases of digestive system),637,623.5055866422772,1.021642810660917
J02 (acute pharyngitis),689,675.0115926628932,1.0207232105183899
I08 (multiple valve diseases),220,215.55376811861242,1.020627019978333
K40 (inguinal hernia),992,972.4444243850594,1.0201097102565084
K86 (other diseases of pancreas),136,133.32499756116886,1.020063772644015
L28 (lichen simplex chronicus and prurigo),81,79.48775419552476,1.0190248903089576
M13 (other arthritis),1557,1529.218497280439,1.0181671244292216
N81 (female genital prolapse),509,500.00832165805514,1.017983057386181
B95 (streptococcus and staphylococcus as the cause of diseases classified to other chapters),147,144.41247489322996,1.0179176010153077
G56 (mononeuropathies of upper limb),799,784.9595777186914,1.0178868093082116
K07 (dentofacial anomalies [including malocclusion]),81,79.58377129785731,1.0177954459690304
D64 (other anaemias),1032,1014.1203150790243,1.0176307334101502
N94 (pain and other conditions associated with female genital organs and menstrual cycle),194,190.71770887235152,1.0172102063675972
N84 (polyp of female genital tract),323,317.76144225565986,1.0164858193843587
K08 (other disorders of teeth and supporting structures),139,136.78226496192656,1.0162136154032158
F06 (other mental disorders due to brain damage and dysfunction and to physical disease),50,49.2715740375279,1.0147838987631548
H43 (disorders of vitreous body),477,470.1594459363332,1.014549434500978
K74 (fibrosis and cirrhosis of liver),53,52.27531859252122,1.013862783183161
N50 (other disorders of male genital organs),404,398.6525164491359,1.0134138963890034
L72 (follicular cysts of skin and subcutaneous tissue),434,428.3401846821653,1.0132133652648874
L29 (pruritus),476,470.0056353431137,1.0127538144356723
C43 Malignant melanoma of skin,113,111.67810789305076,1.0118366269977923
N17 (acute renal failure),579,572.339016835942,1.0116381776676382
H50 (other strabismus),69,68.20939322824051,1.011590878240391
M19 (other arthrosis),2970,2936.35024532213,1.0114597210368474
H57 (other disorders of eye and adnexa),287,283.80083939606993,1.0112725551155448
M22 (disorders of patella),77,76.14287968987173,1.011256736199357
G25 (other extrapyramidal and movement disorders),267,264.1054883494471,1.0109596800454335
G43 (migraine),519,513.939985479592,1.0098455357889426
"M25 (other joint disorders, not elsewhere classified)",3345,3314.742362503166,1.0091282018895684
J45 (asthma),1557,1544.410282339726,1.0081517960636734
B36 (other superficial mycoses),211,209.38693021840663,1.0077037749200048
N18 (chronic renal failure),988,981.0034096065428,1.007132075510587
J20 (acute bronchitis),242,240.30304707789765,1.0070617203682493
K62 (other diseases of anus and rectum),1417,1407.070991466113,1.0070565085870624
"M76 (enthesopathies of lower limb, excluding foot)",306,304.23164333059685,1.0058125336669255
M72 (fibroblastic disorders),1058,1054.561086273694,1.0032609905401095
N19 (unspecified renal failure),67,66.80264372364582,1.0029543183525884
K80 (cholelithiasis),959,957.4148466507613,1.0016556598790836
J01 (acute sinusitis),667,666.0577890365312,1.0014146084303461
F42 (obsessive-compulsive disorder),20,19.975838954514984,1.0012095134297003
L80 (vitiligo),36,35.99421888318875,1.0001606123702813
N10 (acute tubulo-interstitial nephritis),39,38.99442880877177,1.000142871466474
K51 (ulcerative colitis),163,163.02776707331213,0.9998296788712094
L03 (cellulitis),1232,1232.2374718159554,0.99980728404923
B37 (candidiasis),359,359.08905609051726,0.9997519944175218
I26 (pulmonary embolism),386,386.1867259790233,0.9995164878374575
D50 (iron deficiency anaemia),820,821.0962455304107,0.9986649000815946
M89 (other disorders of bone),165,165.2638709361272,0.9984033356193793
I62 (other nontraumatic intracranial haemorrhage),51,51.084839678867866,0.9983392395982607
"E87 (other disorders of fluid, electrolyte and acid-base balance)",646,647.3228592579035,0.9979564150423793
H05 (disorders of orbit),45,45.123744803822774,0.9972576565982997
K64 (haemorrhoids and perianal venous thrombosis),1546,1550.6952765288297,0.9969721475264052
H25 (senile cataract),1230,1235.7311615797444,0.9953621291119521
E16 (other disorders of pancreatic internal secretion),158,158.7431407298718,0.9953185962778928
K20 (oesophagitis),402,403.90204910382454,0.9952908159093404
K46 (unspecified abdominal hernia),98,98.55302036889589,0.994388600503304
E11 (non-insulin-dependent diabetes mellitus),1234,1241.801373394832,0.9937176962741597
H83 (other diseases of inner ear),474,477.3525911763718,0.9929766984858932
K35 (acute appendicitis),106,106.79585163019146,0.9925479162528962
J30 (vasomotor and allergic rhinitis),1035,1043.2409324414912,0.9921006431158669
L60 (nail disorders),379,382.3846072655142,0.9911486832858728
J33 (nasal polyp),183,184.6383977884543,0.9911264514419613
N39 (other disorders of urinary system),1510,1523.5423397155246,0.9911112810175967
D69 (purpura and other haemorrhagic conditions),182,183.76352451077764,0.9904032940406832
A49 (bacterial infection of unspecified site),67,67.68322472989348,0.9899055529251146
E66 (obesity),1174,1186.6436712171417,0.9893450144101193
H91 (other hearing loss),780,789.1118589006946,0.9884530199389117
D52 (folate deficiency anaemia),26,26.32231393045072,0.9877551065114434
F40 (phobic anxiety disorders),115,116.48229578106111,0.9872744972004396
M51 (other intervertebral disk disorders),711,720.5553987669118,0.9867388423107175
C54 Malignant neoplasm of corpus uteri,45,45.621614470819395,0.9863745621887846
H04 (disorders of lachrymal system),654,663.150350059921,0.9862016961024084
K59 (other functional intestinal disorders),982,996.5276951277046,0.9854216845164119
H92 (otalgia and effusion of ear),506,513.6124506221713,0.9851786096443926
"J11 (influenza, virus not identified)",299,304.07739692781615,0.9833022875783778
I63 (cerebral infarction),282,286.88671248331775,0.9829664035639089
E14 (unspecified diabetes mellitus),547,557.3674455201544,0.9813992625448744
K02 (dental caries),132,134.61522439080727,0.9805725956878778
M23 (internal derangement of knee),436,445.2798461661114,0.9791595190170598
F32 (depressive episode),1290,1317.8108112812624,0.9788962034283032
J43 (emphysema),137,139.97458540142634,0.9787491036826744
K12 (stomatitis and related lesions),184,188.2977248081079,0.9771759068651114
C61 Malignant neoplasm of prostate,391,400.18488793457254,0.9770483888535186
A09 (diarrhoea and gastro-enteritis of presumed infectious origin),757,775.3483773320622,0.9763353121403334
I84 (haemorrhoids),726,744.0447314661869,0.9757477867888015
M65 (synovitis and tenosynovitis),746,765.1115843736043,0.9750211802252989
N64 (other disorders of breast),380,390.0157436976788,0.9743196425797558
K44 (diaphragmatic hernia),1600,1644.1411440748197,0.9731524606425086
D75 (other diseases of blood and blood-forming organs),89,91.50652965972768,0.9726081879725048
K21 (gastro-oesophageal reflux disease),2054,2115.6502958950005,0.9708598835948358
F17 (mental and behavioural disorders due to use of tobacco),1110,1144.4508684766479,0.9698974683618313
O70 (perineal laceration during delivery),67,69.11205934642095,0.9694400750550008
L57 (skin changes due to chronic exposure to nonionising radiation),1118,1153.4406796742114,0.9692739468108393
M62 (other disorders of muscle),169,174.3792901788911,0.9691517830278319
I51 (complications and ill-defined descriptions of heart disease),562,579.9085688254581,0.9691182890059203
M05 (seropositive rheumatoid arthritis),49,50.565546226886,0.9690392699435809
M67 (other disorders of synovium and tendon),438,452.0995604599302,0.9688131515863753
L43 (lichen planus),122,126.24489110380455,0.9663757395115958
M81 (osteoporosis without pathological fracture),900,931.7408964193746,0.9659337734971675
F33 (recurrent depressive disorder),84,86.97265988860818,0.9658207545633827
J98 (other respiratory disorders),738,764.1879530568112,0.9657310051119526
I70 (atherosclerosis),106,109.7646924872688,0.9657021542905935
I44 (atrioventricular and left bundle-branch block),379,392.63479239464505,0.9652736011714916
G50 (disorders of trigeminal nerve),108,111.89090988878888,0.9652258624703637
I83 (varicose veins of lower extremities),671,695.358578606043,0.96496975897691
"J40 (bronchitis, not specified as acute or chronic)",245,254.31837024646666,0.9633594292168671
H35 (other retinal disorders),705,732.3793476358842,0.9626158933559984
"L02 (cutaneous abscess, furuncle and carbuncle)",385,399.98785498939105,0.9625292248191171
K37 (unspecified appendicitis),90,93.53864856317432,0.9621691288303745
"I38 (endocarditis, valve unspecified)",24,24.969522531235725,0.961171763295718
M48 (other spondylopathies),535,556.6789624582307,0.9610566162541893
O82 (single delivery by caesarean section),53,55.19951859756162,0.9601533010894994
F41 (other anxiety disorders),844,881.6240379631054,0.9573241695518744
H00 (hordeolum and chalazion),436,455.50641647612065,0.9571764177834732
B07 (viral warts),531,554.8332213475587,0.957044350571378
I50 (heart failure),508,531.6776736463944,0.955466112609156
"J31 (chronic rhinitis, nasopharyngitis and pharyngitis)",280,293.05148353132245,0.9554635131887075
L24 (irritant contact dermatitis),37,38.87209723613523,0.9518395618131212
K04 (diseases of pulp and periapical tissues),261,274.4591270276069,0.9509612699953932
B01 (varicella [chickenpox]),214,225.16351530829365,0.9504204076179545
H26 (other cataract),2393,2518.6452469778997,0.9501139562514171
N02 (recurrent and persistent haematuria),53,55.93499892605905,0.9475283993490577
K70 (alcoholic liver disease),31,32.75219008363274,0.9465015903010295
L01 (impetigo),39,41.23460015604542,0.9458076433968331
G57 (mononeuropathies of lower limb),178,188.43696257348347,0.9446129759737905
H27 (other disorders of lens),31,32.83061367057053,0.9442406502376318
J69 (pneumonitis due to solids and liquids),75,79.44947574477806,0.943996159784975
M17 (gonarthrosis [arthrosis of knee]),1388,1472.2125991028734,0.942798615394142
"N31 (neuromuscular dysfunction of bladder, not elsewhere classified)",177,187.8149964789336,0.9424167575449883
J32 (chronic sinusitis),391,415.0434064792207,0.9420701398844545
N80 (endometriosis),120,127.46306259209769,0.9414492132832185
K81 (cholecystitis),205,218.43183120956382,0.9385079036549517
G91 (hydrocephalus),27,28.780046066488012,0.9381499924504733
M20 (acquired deformities of fingers and toes),673,717.450011032357,0.9380444486043052
K57 (diverticular disease of intestine),2334,2488.8560951327527,0.9377802133937788
N60 (benign mammary dysplasia),295,314.62763062490285,0.9376163161960089
M77 (other enthesopathies),1071,1142.926373509108,0.9370682353857372
N93 (other abnormal uterine and vaginal bleeding),184,196.6028252914648,0.9358970285763644
E28 (ovarian dysfunction),44,47.10303779749597,0.9341223423670366
"O99 (other maternal diseases classifiable elsewhere but complicating pregnancy, childbirth and the puerperium)",23,24.638068281036908,0.9335147438365664
C44 Other malignant neoplasms of skin,829,888.1809626851973,0.9333683504020642
I31 (other diseases of pericardium),80,85.87887768332985,0.9315445445734906
"F43 (reaction to severe stress, and adjustment disorders)",364,390.8293547087378,0.9313527646132616
"H93 (other disorders of ear, not elsewhere classified)",523,562.3792072457,0.9299774836296616
B35 (dermatophytosis),1260,1355.560260175902,0.9295049707613133
M85 (other disorders of bone density and structure),852,917.3535839468823,0.9287585669358801
K30 (dyspepsia),418,450.3319855550071,0.9282041103183912
E78 (disorders of lipoprotein metabolism and other lipidaemias),3036,3272.0068752505176,0.9278709109581416
I61 (intracerebral haemorrhage),64,68.977315545063,0.9278412691805713
M07 (psoriatic and enteropathic arthropathies),37,39.91776560092512,0.9269055881009156
C91 Lymphoid leukaemia,23,24.831121784167408,0.926256985081723
D72 (other disorders of white blood cells),59,63.69756760931705,0.9262520095252439
E07 (other disorders of thyroid),61,65.90622559506664,0.9255574788152654
L65 (other nonscarring hair loss),106,114.56581820113934,0.9252323394915173
N32 (other disorders of bladder),769,833.8493742449427,0.9222289105827244
J04 (acute laryngitis and tracheitis),150,162.68353352101258,0.9220355419722037
O04 (medical abortion),83,90.24488716630532,0.9197196938929706
H54 (blindness and low vision),138,150.23885035368585,0.9185373801458566
J94 (other pleural conditions),25,27.240717645058567,0.9177438100473454
D09 Carcinoma in situ of other and unspecified sites,28,30.538789950021965,0.916866714294286
H44 (disorders of globe),63,68.75629871610727,0.9162796889362115
N61 (inflammatory disorders of breast),51,55.765966787546176,0.914536283290788
B96 (other bacterial agents as the cause of diseases classified to other chapters),299,327.1417584828523,0.9139768685802689
N63 (unspecified lump in breast),371,406.0286280156488,0.9137286742887037
M54 (dorsalgia),2555,2802.236485941685,0.9117717269109779
"J12 (viral pneumonia, not elsewhere classified)",44,48.331574943847045,0.9103779475657562
K85 (acute pancreatitis),121,133.0983015580896,0.9091025098257216
L90 (atrophic disorders of skin),201,221.13438378260253,0.9089495562010986
N86 (erosion and ectropion of cervix uteri),30,33.00590779773404,0.9089281889728722
G40 (epilepsy),166,182.9988648938961,0.9071094517239101
"F53 (mental and behavioural disorders associated with the puerperium, not elsewhere classified)",26,28.673612533020986,0.906757039074096
"A63 (other predominantly sexually transmitted diseases, not elsewhere classified)",33,36.5063301140724,0.9039528185080213
H21 (other disorders of iris and ciliary body),41,45.418763764960204,0.9027106112392869
N42 (other disorders of prostate),126,139.63462022386375,0.9023550162416414
L20 (atopic dermatitis),426,472.7844845119107,0.9010447972711929
C67 Malignant neoplasm of bladder,33,36.6441419675657,0.9005532188257761
J10 (influenza due to identified influenza virus),72,80.08710344280098,0.8990211520313396
N35 (urethral stricture),157,174.75795605337044,0.8983854214457211
K75 (other inflammatory liver diseases),65,72.46182822095216,0.897024013826985
L71 (rosacea),210,234.38378443550027,0.895966418947338
K83 (other diseases of biliary tract),203,226.83305661970917,0.8949312901088052
C18 Malignant neoplasm of colon,133,148.87009038068572,0.8933963810990962
B26 (mumps),95,106.39567298021143,0.8928934545831492
I07 (rheumatic tricuspid valve diseases),69,77.3852814642587,0.8916424246885819
J84 (other interstitial pulmonary diseases),188,210.92132011204922,0.8913276282365739
I71 (aortic aneurysm and dissection),184,206.45735810486258,0.8912251986995969
N90 (other noninflammatory disorders of vulva and perineum),173,194.18112128359508,0.8909208004177669
K26 (duodenal ulcer),187,210.19681019410564,0.8896424252457276
"D89 (other disorders involving the immune mechanism, not elsewhere classified)",24,26.97993214619237,0.8895500503839139
J47 (bronchiectasis),193,217.06927830920904,0.8891170666955319
B98 (other specified infectious agents as the cause of diseases classified to other chapters),96,108.75193765369477,0.8827428924135446
M40 (kyphosis and lordosis),34,38.535428257126114,0.8823049733127747
J06 (acute upper respiratory infections of multiple and unspecified sites),2182,2473.4088350996026,0.8821833127769725
D63 (anaemia in chronic diseases classified elsewhere),53,60.11249857744997,0.8816802038550086
B05 (measles),128,145.37699336119312,0.8804694404566512
I24 (other acute ischaemic heart diseases),116,132.007903771555,0.8787352627062595
M80 (osteoporosis with pathological fracture),113,128.7459709291752,0.8776973693581661
C56 Malignant neoplasm of ovary,31,35.32064192665257,0.8776737428604813
N41 (inflammatory diseases of prostate),198,225.8861843031027,0.8765476322107245
N89 (other noninflammatory disorders of vagina),302,344.97039349366696,0.8754374453457096
N23 (unspecified renal colic),157,179.5552251414956,0.874382797138199
"N85 (other noninflammatory disorders of uterus, except cervix)",93,106.54283140329017,0.8728883846532358
O03 (spontaneous abortion),96,109.99608464040057,0.8727583378430551
"N92 (excessive, frequent and irregular menstruation)",432,495.4447608673199,0.8719438252687257
E05 (thyrotoxicosis [hyperthyroidism]),199,228.74885997469755,0.869949690774467
O72 (postpartum haemorrhage),21,24.166301594739593,0.8689786444017227
L92 (granulomatous disorders of skin and subcutaneous tissue),54,62.17676436297552,0.8684916391718102
J03 (acute tonsillitis),367,422.7462850348311,0.8681329984242486
"M79 (other soft tissue disorders, not elsewhere classified)",3698,4267.461142194341,0.8665573925058583
M95 (other acquired deformities of musculoskeletal system and connective tissue),61,70.58372680146294,0.8642218647873335
F01 (vascular dementia),78,90.278021617381,0.863997666348759
H36 (retinal disorders in diseases classified elsewhere),85,98.76639507235632,0.8606166088954543
"J90 (pleural effusion, not elsewhere classified)",359,417.14455980789717,0.8606129255654831
H52 (disorders of refraction and accommodation),359,417.2245858197857,0.860447855187194
E27 (other disorders of adrenal gland),47,54.64439257634422,0.8601065504449672
N13 (obstructive and reflux uropathy),243,283.4604061672253,0.8572625831088523
I89 (other non-infective disorders of lymphatic vessels and lymph nodes),95,110.94580579592184,0.856273919671617
B00 (herpesviral [herpes simplex] infections),146,170.52719252590032,0.8561684376397914
N62 (hypertrophy of breast),60,70.11103506907239,0.8557853972757479
"J96 (respiratory failure, not elsewhere classified)",159,186.56543302515638,0.8522479079956925
N87 (dysplasia of cervix uteri),149,174.85416064236028,0.8521387163600793
G35 (multiple sclerosis),52,61.13299784598712,0.8506044498423592
L42 (pityriasis rosea),39,45.88746357862874,0.8499053327097283
M86 (osteomyelitis),66,77.7259152108636,0.8491376373111564
H69 (other disorders of eustachian tube),110,129.73858709895285,0.8478587786384782
B49 (unspecified mycosis),21,24.823494605635915,0.8459727501554987
B06 (rubella [german measles]),50,59.11920083653263,0.8457489156230706
M87 (osteonecrosis),40,47.307007030336536,0.8455407033962057
C20 Malignant neoplasm of rectum,45,53.24218958198071,0.8451943910141104
H47 (other disorders of optic [2nd] nerve and visual pathways),59,69.88619234710859,0.844229711456601
L56 (other acute skin changes due to ultraviolet radiation),25,29.681577400699098,0.8422732950645395
Q82 (other congenital malformations of skin),40,47.72374080234022,0.8381572636074356
"N83 (noninflammatory disorders of ovary, fallopian tube and broad ligament)",203,242.67631594595423,0.8365051991526423
G51 (facial nerve disorders),83,99.75779272271757,0.8320152013658041
G83 (other paralytic syndromes),29,34.903018649824844,0.8308736929304403
C73 Malignant neoplasm of thyroid gland,20,24.083902554589258,0.8304301993693685
K60 (fissure and fistula of anal and rectal regions),150,180.83050973457284,0.8295060397726768
N73 (other female pelvic inflammatory diseases),68,81.98462411908486,0.8294238185592969
N95 (menopausal and other perimenopausal disorders),921,1112.4406825450696,0.8279093118861072
O80 (single spontaneous delivery),271,327.55372617329726,0.8273451905615732
"H59 (postprocedural disorders of eye and adnexa, not elsewhere classified)",21,25.467595733397957,0.8245772478813461
E88 (other metabolic disorders),26,31.571068292839755,0.8235388096099598
Q66 (congenital deformities of feet),32,38.97376616895053,0.8210651200933625
L27 (dermatitis due to substances taken internally),40,48.77645157955703,0.8200678545621105
"L97 (ulcer of lower limb, not elsewhere classified)",74,90.94604104586142,0.8136692828958214
Q76 (congenital malformations of spine and bony thorax),20,24.799525530608207,0.8064670420938291
O81 (single delivery by forceps and vacuum extractor),43,53.51963448821181,0.8034434541863538
G12 (spinal muscular atrophy and related syndromes),26,32.79246498746511,0.7928650685435962
O36 (maternal care for other known or suspected foetal problems),24,30.28396485361236,0.792498608290295
"A15 (respiratory tuberculosis, bacteriologically and histologically confirmed)",49,62.107564834009736,0.7889538115197183
G58 (other mononeuropathies),30,38.19323754849847,0.785479365605114
N97 (female infertility),65,82.80690761907067,0.7849586691368041
D06 Carcinoma in situ of cervix uteri,70,90.3385008269479,0.7748634232273983
K65 (peritonitis),57,75.13879689665646,0.7585961228311389
E10 (insulin-dependent diabetes mellitus),84,111.15709632536164,0.7556872460407599
D05 Carcinoma in situ of breast,65,86.85450001727895,0.7483780343801278
L85 (other epidermal thickening),166,222.81339080507678,0.7450180592836151
"Q38 (other congenital malformations of tongue, mouth and pharynx)",21,28.636748589605304,0.7333234754040016
Q61 (cystic kidney disease),20,27.427399352454813,0.7291978267057229
D03 Melanoma in situ,41,56.34653209740463,0.7276401665522996
D86 (sarcoidosis),40,55.80273278984714,0.7168107725232711
Q21 (congenital malformations of cardiac septa),28,40.07631284995023,0.6986670681216317
E79 (disorders of purine and pyrimidine metabolism),21,30.999224737740406,0.6774362964772238
"N91 (absent, scanty and rare menstruation)",32,47.94990979027148,0.6673630907746245
I00 (rheumatic fever without mention of heart involvement),20,30.781538099185923,0.649740111606994
J13 (pneumonia due to streptococcus pneumoniae),20,30.9312617740552,0.6465950256441132
"F52 (sexual dysfunction, not caused by organic disorder or disease)",52,81.80013307147965,0.6356957873718945
N72 (inflammatory disease of cervix uteri),28,45.85679509093575,0.6105965308843531
"K27 (peptic ulcer, site unspecified)",30,49.73761759412628,0.603165198719587
L63 (alopecia areata),23,39.33199029841262,0.5847657295117417
I12 (hypertensive renal disease),21,38.17253698224613,0.5501337259760074
C25 Malignant neoplasm of pancreas,24,44.606621156878646,0.5380367169168345
