disease,auc_transformer,auc_age_sex,diff,n_positives,failure_type
L51 (erythema multiforme),0.3804073821286274,0.5338583456417647,-0.1534509635131373,21,both
K02 (dental caries),0.4818238455493898,0.5125246132468115,-0.03070076769742175,132,both
K06 (other disorders of gingiva and edentulous alveolar ridge),0.4821579197352043,0.5663073975382034,-0.08414947780299908,27,both
K11 (diseases of salivary glands),0.5023013641383864,0.5095078733855325,-0.0072065092471460535,133,low_auc
H49 (paralytic strabismus),0.5026096592624496,0.505094027961634,-0.002484368699184447,44,low_auc
"K09 (cysts of oral region, not elsewhere classified)",0.5091161081272952,0.5734336279736333,-0.06431751984633804,28,both
G83 (other paralytic syndromes),0.5138217504968191,0.3222088295768865,0.1916129209199326,29,low_auc
"C64 Malignant neoplasm of kidney, except renal pelvis",0.5165959758488325,0.4997218773650206,0.01687409848381194,46,low_auc
C83 Diffuse non-Hodgkin's lymphoma,0.5180370740216076,0.5782563140402892,-0.06021924001868162,36,both
D68 (other coagulation defects),0.5195574851650107,0.4583922601220745,0.061165225042936144,65,low_auc
G51 (facial nerve disorders),0.5286536833583222,0.5309293411559791,-0.002275657797656927,83,low_auc
N03 (chronic nephritic syndrome),0.5298296130736408,0.5993163623697425,-0.06948674929610166,25,both
H16 (keratitis),0.5382213972887552,0.5224277437829588,0.015793653505796423,61,low_auc
L92 (granulomatous disorders of skin and subcutaneous tissue),0.539163603293003,0.4832980545372983,0.05586554875570465,54,low_auc
B80 (enterobiasis),0.5391781680184271,0.5835153096813204,-0.044337141662893265,26,both
H73 (other disorders of tympanic membrane),0.5457932766734782,0.5977544565452969,-0.0519611798718187,24,underperforms_age_sex
D07 Carcinoma in situ of other and unspecified genital organs,0.5678882214738106,0.6877306016770428,-0.11984238020323223,21,underperforms_age_sex
H15 (disorders of sclera),0.5752106219662309,0.6433357682392392,-0.06812514627300836,52,underperforms_age_sex
"B08 (other viral infections characterised by skin and mucous membrane lesions, not elsewhere classified)",0.6027183099106375,0.6701911980891156,-0.06747288817847819,27,underperforms_age_sex
"N99 (postprocedural disorders of genito-urinary system, not elsewhere classified)",0.6187581622571868,0.6572734085943319,-0.03851524633714509,52,underperforms_age_sex
Q66 (congenital deformities of feet),0.6394432917943895,0.6804259882553063,-0.04098269646091679,32,underperforms_age_sex
C15 Malignant neoplasm of oesophagus,0.6795427762006769,0.7107204073993585,-0.031177631198681555,23,underperforms_age_sex
C90 Multiple myeloma and malignant plasma cell neoplasms,0.7139230099285838,0.7714165940892992,-0.05749358416071537,50,underperforms_age_sex
