bucket,model,mean_nll,top20_acc,n_points
1–4,transformer,5.207783974203329,0.3838373232535349,28572
5–9,transformer,5.181253691332423,0.3772644547109058,35715
10–19,transformer,5.242500421055855,0.36161807937285645,65312
20–29,transformer,5.331785621195326,0.33639193307826987,30842
30+,transformer,5.399361559583263,0.32266238702593125,11839
1–4,age_sex,5.383268892239343,0.34498810023799525,28572
5–9,age_sex,5.337910120703836,0.3308413831723366,35715
10–19,age_sex,5.403999922965918,0.30469132778049973,65312
20–29,age_sex,5.50295150358075,0.27216133843460216,30842
30+,age_sex,5.614089064908618,0.24605118675563814,11839
