disease,auc_transformer,auc_age_sex,diff,n_positives
H36 (retinal disorders in diseases classified elsewhere),0.852571212869131,0.5398633218495448,0.3127078910195862,85
J13 (pneumonia due to streptococcus pneumoniae),0.7479570126552885,0.4863230001161035,0.26163401253918495,20
I05 (rheumatic mitral valve diseases),0.80443087283388,0.5682669298423848,0.23616394299149523,25
I85 (oesophageal varices),0.7980760857575775,0.5646007132918827,0.23347537246569483,27
E10 (insulin-dependent diabetes mellitus),0.7758035831815129,0.5538344870573843,0.22196909612412863,84
"H59 (postprocedural disorders of eye and adnexa, not elsewhere classified)",0.7507431362353312,0.5289139637185312,0.2218291725168,21
I22 (subsequent myocardial infarction),0.8486939240716982,0.631639676577822,0.21705424749387614,21
K50 (crohn's disease [regional enteritis]),0.7503654544134728,0.5408501016260163,0.20951535278745648,80
G83 (other paralytic syndromes),0.5138217504968191,0.3222088295768865,0.1916129209199326,29
H27 (other disorders of lens),0.7653001965084679,0.5754939538953266,0.18980624261314127,31
K85 (acute pancreatitis),0.6828052570468803,0.494323213323989,0.18848204372289135,121
"K91 (postprocedural disorders of digestive system, not elsewhere classified)",0.8123129285381625,0.6320978185320493,0.18021511000611323,101
B98 (other specified infectious agents as the cause of diseases classified to other chapters),0.6576352973659961,0.4794340042241632,0.17820129314183292,96
I10 (essential (primary) hypertension),0.7618252084163676,0.5849830546035907,0.1768421538127769,4123
"M79 (other soft tissue disorders, not elsewhere classified)",0.7676252948920631,0.5922865088807217,0.17533878601134145,3698
D63 (anaemia in chronic diseases classified elsewhere),0.8310615399969611,0.6573729317965725,0.17368860820038856,53
H46 (optic neuritis),0.7400890002863955,0.5698138478001733,0.17027515248622216,24
M19 (other arthrosis),0.7148799743144436,0.5450310440057059,0.1698489303087377,2970
K81 (cholecystitis),0.6959868888707774,0.5267083482457664,0.16927854062501102,205
L01 (impetigo),0.6053467272079565,0.4452493442774502,0.16009738293050624,39
G99 (other disorders of nervous system in diseases classified elsewhere),0.7129135652899045,0.5535074356245404,0.15940612966536405,62
I25 (chronic ischaemic heart disease),0.8429151723727757,0.6847346720639454,0.15818050030883024,1724
"M96 (postprocedural musculoskeletal disorders, not elsewhere classified)",0.7199762759051553,0.5633988417742581,0.1565774341308972,31
K82 (other diseases of gallbladder),0.7221534382313399,0.567161363674086,0.15499207455725394,140
J22 (unspecified acute lower respiratory infection),0.7241144063014173,0.571028005148325,0.15308640115309236,2850
C43 Malignant melanoma of skin,0.6359612716013383,0.4916350768915404,0.1443261947097979,113
E06 (thyroiditis),0.7686921562055221,0.6243889836003546,0.14430317260516756,41
K75 (other inflammatory liver diseases),0.691985197394134,0.5480412007352169,0.1439439966589171,65
"M25 (other joint disorders, not elsewhere classified)",0.7490674715330629,0.6075408152444336,0.14152665628862926,3345
"I64 (stroke, not specified as haemorrhage or infarction)",0.6918960982173076,0.5508590148299963,0.14103708338731125,252
Q21 (congenital malformations of cardiac septa),0.6895867474895585,0.5486234246502633,0.14096332283929525,28
J94 (other pleural conditions),0.7843075672694552,0.6442561318974775,0.14005143537197762,25
K20 (oesophagitis),0.6609978809451735,0.5270873245798144,0.1339105563653591,402
E61 (deficiency of other nutrient elements),0.7704348882127982,0.6395227440313066,0.13091214418149155,48
K25 (gastric ulcer),0.6710420863589693,0.540563600885194,0.13047848547377539,308
I20 (angina pectoris),0.7545757559578987,0.6244436139310475,0.1301321420268512,1039
G91 (hydrocephalus),0.6400636789425374,0.5109997546674991,0.1290639242750382,27
G55 (nerve root and plexus compressions in diseases classified elsewhere),0.7163035062080562,0.5874078748800988,0.12889563132795734,201
I82 (other venous embolism and thrombosis),0.6837839539106241,0.555898937174685,0.1278850167359391,38
D73 (diseases of spleen),0.6984882094989444,0.5716738725807415,0.12681433691820287,39
H68 (eustachian salpingitis and obstruction),0.7637995474307797,0.6372756026644393,0.12652394476634043,74
D70 (agranulocytosis),0.7417360542995667,0.6155892496536357,0.12614680464593098,241
H69 (other disorders of eustachian tube),0.7136692856426259,0.5900324467888503,0.12363683885377563,110
K56 (paralytic ileus and intestinal obstruction without hernia),0.7532919032931246,0.6296632795252783,0.12362862376784622,325
"L98 (other disorders of skin and subcutaneous tissue, not elsewhere classified)",0.6968207514172668,0.5752980261795634,0.12152272523770347,2100
H44 (disorders of globe),0.6429545651660774,0.5228660850637775,0.12008848010229989,63
C67 Malignant neoplasm of bladder,0.7499957337516192,0.6300882049051828,0.1199075288464364,33
J20 (acute bronchitis),0.6599369527143676,0.5404963145274746,0.11944063818689299,242
G63 (polyneuropathy in diseases classified elsewhere),0.7347305378641771,0.6161317101772352,0.11859882768694185,23
G12 (spinal muscular atrophy and related syndromes),0.733715126409926,0.61681675807908,0.11689836833084599,26
K66 (other disorders of peritoneum),0.7728077238530768,0.6562134512087915,0.11659427264428535,249
H72 (perforation of tympanic membrane),0.5973546483711103,0.4814544877936568,0.1159001605774535,65
I31 (other diseases of pericardium),0.7684496225319396,0.6526754863530779,0.11577413617886168,80
B36 (other superficial mycoses),0.7067521050397533,0.5912387896633222,0.11551331537643106,211
K29 (gastritis and duodenitis),0.6536205456088529,0.5382460726982792,0.11537447291057368,1606
I24 (other acute ischaemic heart diseases),0.8144446674341786,0.6994293582542388,0.11501530917993985,116
N35 (urethral stricture),0.6969206512110969,0.5823686076069657,0.11455204360413118,157
I42 (cardiomyopathy),0.7225405065947912,0.608460522016035,0.11407998457875623,77
L08 (other local infections of skin and subcutaneous tissue),0.6731759527297615,0.5594466349445814,0.11372931778518014,596
C18 Malignant neoplasm of colon,0.7138780586673803,0.6020734115549349,0.11180464711244542,133
"G04 (encephalitis, myelitis and encephalomyelitis)",0.6972333553176737,0.5859082902165142,0.11132506510115947,23
E11 (non-insulin-dependent diabetes mellitus),0.728008870522684,0.6168954360728045,0.11111343444987953,1234
A41 (other septicaemia),0.8175878929052588,0.706579256593254,0.11100863631200475,323
H31 (other disorders of choroid),0.6898416395029086,0.5795298053654601,0.1103118341374485,41
J06 (acute upper respiratory infections of multiple and unspecified sites),0.7163090441560194,0.6064204277818646,0.10988861637415481,2182
K74 (fibrosis and cirrhosis of liver),0.6510687792361791,0.5414208168223793,0.10964796241379982,53
M17 (gonarthrosis [arthrosis of knee]),0.6761470716021262,0.567898664751508,0.1082484068506182,1388
M50 (cervical disk disorders),0.5982026975655166,0.4908001762542026,0.107402521311314,131
E78 (disorders of lipoprotein metabolism and other lipidaemias),0.71802569375478,0.6114262366916112,0.10659945706316876,3036
M54 (dorsalgia),0.664866733022424,0.5585196532090158,0.1063470798134083,2555
K10 (other diseases of jaws),0.5998641949719754,0.4936193376353769,0.1062448573365985,78
N34 (urethritis and urethral syndrome),0.7333982740531553,0.6276944385696455,0.10570383548350981,35
K51 (ulcerative colitis),0.6986479734804449,0.5929863446077182,0.10566162887272679,163
L63 (alopecia areata),0.659433414834407,0.5539815255819729,0.1054518892524341,23
M60 (myositis),0.6338054504148865,0.5288427302000124,0.10496272021487407,24
"J15 (bacterial pneumonia, not elsewhere classified)",0.6003460467373294,0.4954986498251649,0.10484739691216449,29
L89 (decubitus ulcer),0.8315256455322967,0.7266890906896895,0.10483655484260723,124
"G31 (other degenerative diseases of nervous system, not elsewhere classified)",0.8275504423916473,0.7240184511921939,0.10353199119945344,77
M24 (other specific joint derangements),0.6489266960068515,0.545965043738891,0.1029616522679605,122
B99 (other and unspecified infectious diseases),0.598305956150061,0.4954386413072927,0.10286731484276829,36
J00 (acute nasopharyngitis [common cold]),0.639901809943091,0.537127143942676,0.10277466600041496,233
H20 (iridocyclitis),0.638518281880754,0.5361309360711854,0.10238734580956854,115
J69 (pneumonitis due to solids and liquids),0.8850642741693524,0.7841044104410442,0.10095986372830823,75
D04 Carcinoma in situ of skin,0.7302922973383128,0.6295322450810911,0.10076005225722173,55
M87 (osteonecrosis),0.6276503715745472,0.5269493874825825,0.10070098409196471,40
M90 (osteopathies in diseases classified elsewhere),0.7473702246956002,0.6476618405427458,0.09970838415285443,39
J10 (influenza due to identified influenza virus),0.7744596005347537,0.675357182722186,0.09910241781256768,72
I51 (complications and ill-defined descriptions of heart disease),0.8330063019402952,0.7340608489156205,0.09894545302467472,562
I27 (other pulmonary heart diseases),0.8193230656762255,0.7205393679873877,0.09878369768883777,85
L84 (corns and callosities),0.660206813124456,0.56145696039268,0.09874985273177594,158
M45 (ankylosing spondylitis),0.7158139581252518,0.617683375527537,0.09813058259771479,53
D72 (other disorders of white blood cells),0.7440817814005045,0.6465548946323304,0.09752688676817411,59
H26 (other cataract),0.7502150645396797,0.653169352699034,0.0970457118406457,2393
K21 (gastro-oesophageal reflux disease),0.6353206773020038,0.5410727586378066,0.09424791866419724,2054
K31 (other diseases of stomach and duodenum),0.70842045674788,0.6150781326573445,0.09334232409053556,539
"K27 (peptic ulcer, site unspecified)",0.7125598451862603,0.6198115142718916,0.09274833091436863,30
B95 (streptococcus and staphylococcus as the cause of diseases classified to other chapters),0.6832562749789546,0.5907637825220657,0.09249249245688884,147
B96 (other bacterial agents as the cause of diseases classified to other chapters),0.7222950116271497,0.6301523857763007,0.09214262585084898,299
N19 (unspecified renal failure),0.6650845694298566,0.5733130639763964,0.09177150545346024,67
I50 (heart failure),0.8313943636785697,0.7398246366131555,0.09156972706541422,508
"J31 (chronic rhinitis, nasopharyngitis and pharyngitis)",0.6348319352159468,0.5437671200166112,0.09106481519933562,280
I26 (pulmonary embolism),0.7275179709196612,0.6367409084077662,0.09077706251189499,386
I87 (other disorders of veins),0.5933190820059484,0.5025800729336096,0.09073900907233878,79
H01 (other inflammation of eyelid),0.6842633334405936,0.5936860619616342,0.09057727147895944,292
I47 (paroxysmal tachycardia),0.6534682902816675,0.5638699080613401,0.08959838222032745,238
L74 (eccrine sweat disorders),0.681427939439848,0.5921751644957222,0.08925277494412587,52
H57 (other disorders of eye and adnexa),0.6646698671453508,0.5764206411366187,0.08824922600873208,287
L25 (unspecified contact dermatitis),0.6875413080521431,0.5999123448992822,0.08762896315286084,114
L91 (hypertrophic disorders of skin),0.6515474885395933,0.5639318638869856,0.08761562465260775,148
K57 (diverticular disease of intestine),0.6939069780732106,0.6073455867442181,0.08656139132899243,2334
G81 (hemiplegia),0.741908642118713,0.6553728946451388,0.08653574747357418,100
"J96 (respiratory failure, not elsewhere classified)",0.8386287158890965,0.7521037836516866,0.08652493223740987,159
H60 (otitis externa),0.6943858796278529,0.6085017931050951,0.08588408652275781,855
M62 (other disorders of muscle),0.6254292889764721,0.540007895001296,0.08542139397517612,169
C44 Other malignant neoplasms of skin,0.7085863503827289,0.6237562879451699,0.08483006243755897,829
G58 (other mononeuropathies),0.6571413642960813,0.5727608127721335,0.08438055152394774,30
K90 (intestinal malabsorption),0.602796215736411,0.5190402056713987,0.08375601006501221,133
K83 (other diseases of biliary tract),0.7755861872009355,0.6918947328855043,0.08369145431543124,203
H92 (otalgia and effusion of ear),0.7185889783206731,0.6354114879137773,0.08317749040689582,506
K55 (vascular disorders of intestine),0.7409439334008473,0.6581405377026645,0.08280339569818285,152
M18 (arthrosis of first carpometacarpal joint),0.7329997891304978,0.6505132967742018,0.08248649235629602,115
M16 (coxarthrosis [arthrosis of hip]),0.6924777089232239,0.6103624556956464,0.08211525322757751,1008
E07 (other disorders of thyroid),0.6410736653549869,0.5594517521961886,0.0816219131587983,61
K80 (cholelithiasis),0.6391288635808751,0.5575490408552535,0.08157982272562159,959
D61 (other aplastic anaemias),0.7300156910446374,0.6487945765014632,0.08122111454317416,48
H33 (retinal detachments and breaks),0.6396473190374763,0.5584630797126593,0.081184239324817,245
K44 (diaphragmatic hernia),0.6630610663961799,0.5824082786501055,0.08065278774607443,1600
K64 (haemorrhoids and perianal venous thrombosis),0.6044991273580499,0.5239968656144429,0.08050226174360697,1546
H17 (corneal scars and opacities),0.7364356205735516,0.6559627888076164,0.08047283176593523,20
"M99 (biomechanical lesions, not elsewhere classified)",0.656609687519351,0.5763680462025512,0.08024164131679978,24
M48 (other spondylopathies),0.6290447884728039,0.5488888574481348,0.08015593102466911,535
I74 (arterial embolism and thrombosis),0.7773868749917524,0.6972764486203301,0.0801104263714223,55
L21 (seborrhoeic dermatitis),0.6616674518836483,0.5817194450948786,0.07994800678876968,353
K26 (duodenal ulcer),0.7416297511813582,0.6620702939782808,0.07955945720307744,187
F20 (schizophrenia),0.7205631927673539,0.6410409264892564,0.07952226627809755,24
K22 (other diseases of oesophagus),0.6653561425419909,0.5858820916886944,0.07947405085329651,628
I12 (hypertensive renal disease),0.6831108969632936,0.6037355432945793,0.07937535366871429,21
L20 (atopic dermatitis),0.6791645419512392,0.6004797868329219,0.0786847551183173,426
J93 (pneumothorax),0.7180505002024039,0.639423396525485,0.07862710367691894,85
E86 (volume depletion),0.8082418682007636,0.7299817016352272,0.07826016656553636,245
"J12 (viral pneumonia, not elsewhere classified)",0.8282407568684826,0.7502759163431149,0.07796484052536778,44
K86 (other diseases of pancreas),0.7646191304270571,0.6869257757185503,0.0776933547085068,136
H66 (suppurative and unspecified otitis media),0.7145792188536444,0.6370947382014647,0.07748448065217972,319
K01 (embedded and impacted teeth),0.6640862059069091,0.5868865119221534,0.07719969398475579,61
G25 (other extrapyramidal and movement disorders),0.6352018381329989,0.5580052187066864,0.07719661942631251,267
"F05 (delirium, not induced by alcohol and other psychoactive substances)",0.8823183938295314,0.8053804891113843,0.0769379047181471,181
L29 (pruritus),0.6339878594798958,0.5571671262973305,0.07682073318256533,476
M94 (other disorders of cartilage),0.6312898676974533,0.5547507296690006,0.07653913802845269,73
F06 (other mental disorders due to brain damage and dysfunction and to physical disease),0.7275828252917611,0.651392440341404,0.07619038495035713,50
"J18 (pneumonia, organism unspecified)",0.7436428320576024,0.6676536448580306,0.07598918719957182,953
L60 (nail disorders),0.6400229459556237,0.5646523642596702,0.07537058169595345,379
M47 (spondylosis),0.6047227098052916,0.5294856042188016,0.07523710558649,1230
"D89 (other disorders involving the immune mechanism, not elsewhere classified)",0.6390786097436374,0.5639031925351414,0.07517541720849596,24
N10 (acute tubulo-interstitial nephritis),0.5965579832313073,0.5217318488897265,0.07482613434158081,39
B07 (viral warts),0.6868168455304728,0.6122145750753363,0.07460227045513657,531
H90 (conductive and sensorineural hearing loss),0.5983718293989445,0.5239609723037457,0.07441085709519879,354
I08 (multiple valve diseases),0.8358225328373823,0.7616363081588875,0.07418622467849478,220
K43 (ventral hernia),0.6321203501189351,0.5581542557761907,0.07396609434274437,239
L57 (skin changes due to chronic exposure to nonionising radiation),0.6992324264290601,0.6253619268391687,0.07387049958989145,1118
"J90 (pleural effusion, not elsewhere classified)",0.8069733363152044,0.7334361352956067,0.07353720101959771,359
E88 (other metabolic disorders),0.6503813465088675,0.5772298689502354,0.07315147755863205,26
H52 (disorders of refraction and accommodation),0.7643619480664817,0.6920305382862009,0.07233140978028085,359
J44 (other chronic obstructive pulmonary disease),0.720792431677438,0.6488242349084764,0.0719681967689616,827
K62 (other diseases of anus and rectum),0.6042106328167907,0.5334283942302267,0.07078223858656396,1417
A49 (bacterial infection of unspecified site),0.654713561503279,0.5841085289121741,0.07060503259110484,67
I07 (rheumatic tricuspid valve diseases),0.8337757043747901,0.7632382469129756,0.0705374574618145,69
E27 (other disorders of adrenal gland),0.6581677270189776,0.5878647690393679,0.07030295797960973,47
D64 (other anaemias),0.7079930984991529,0.6377504346568048,0.07024266384234812,1032
N32 (other disorders of bladder),0.6843364120476821,0.6143273108863293,0.07000910116135284,769
I46 (cardiac arrest),0.7786935152431818,0.7090470569107024,0.0696464583324794,68
"M70 (soft tissue disorders related to use, overuse and pressure)",0.6556560619412017,0.5861321526410872,0.06952390930011454,775
I34 (nonrheumatic mitral valve disorders),0.7577730510332035,0.6883237111013651,0.06944933993183833,239
I84 (haemorrhoids),0.7083490059800461,0.638983328896497,0.06936567708354913,726
F42 (obsessive-compulsive disorder),0.6816858237547893,0.6124406420527111,0.06924518170207816,20
E73 (lactose intolerance),0.6567231679649608,0.5880028661160561,0.06872030184890465,21
K41 (femoral hernia),0.6686397949078555,0.5999981379286319,0.06864165697922364,58
H47 (other disorders of optic [2nd] nerve and visual pathways),0.5606897089953105,0.4921035634249607,0.06858614557034975,59
E53 (deficiency of other b group vitamins),0.736272714504274,0.6683447223442038,0.06792799216007017,223
L28 (lichen simplex chronicus and prurigo),0.5775437533906902,0.5097495941925934,0.06779415919809684,81
E83 (disorders of mineral metabolism),0.7513446119650562,0.683758185588613,0.06758642637644319,331
L82 (seborrhoeic keratosis),0.6753556570952582,0.6085733815790262,0.06678227551623206,1195
I72 (other aneurysm),0.6986175810904072,0.6320392648942241,0.06657831619618304,56
K63 (other diseases of intestine),0.683742093842673,0.6177183300483821,0.06602376379429098,1148
H61 (other disorders of external ear),0.6844597306713225,0.6184826392137599,0.06597709145756259,1272
I78 (diseases of capillaries),0.5643426348212912,0.498850246972833,0.06549238784845823,109
C54 Malignant neoplasm of corpus uteri,0.8571502114359257,0.7917154533695887,0.06543475806633703,45
I70 (atherosclerosis),0.7763942619697362,0.711358611330223,0.06503565063951311,106
E16 (other disorders of pancreatic internal secretion),0.7148246813159757,0.6498494812113692,0.06497520010460645,158
B97 (viral agents as the cause of diseases classified to other chapters),0.7767176539165042,0.7117491329040846,0.06496852101241957,65
F45 (somatoform disorders),0.656039178050563,0.5913321369248817,0.06470704112568126,98
N62 (hypertrophy of breast),0.5880247648356753,0.5236412727906166,0.06438349204505878,60
D09 Carcinoma in situ of other and unspecified sites,0.6424032812391147,0.5783176682999327,0.06408561293918202,28
M07 (psoriatic and enteropathic arthropathies),0.6309054884904122,0.5669238352917806,0.06398165319863158,37
"N12 (tubulo-interstitial nephritis, not specified as acute or chronic)",0.6912811842962805,0.6280273875554834,0.06325379674079712,73
M65 (synovitis and tenosynovitis),0.6381882185574728,0.5751441080893427,0.06304411046813008,746
C73 Malignant neoplasm of thyroid gland,0.7210172123534192,0.6585221467549054,0.06249506559851381,20
K12 (stomatitis and related lesions),0.6093655575957606,0.5480576216560624,0.06130793593969819,184
C20 Malignant neoplasm of rectum,0.65019066327337,0.5890144924731391,0.06117617080023097,45
D68 (other coagulation defects),0.5195574851650107,0.4583922601220745,0.061165225042936144,65
M00 (pyogenic arthritis),0.637183818886421,0.576137117726863,0.0610467011595579,26
"M76 (enthesopathies of lower limb, excluding foot)",0.6713164518485124,0.6106635780404865,0.060652873808025864,306
M21 (other acquired deformities of limbs),0.5968298224688685,0.536320376377287,0.06050944609158149,168
K65 (peritonitis),0.815405129070215,0.7550584406528826,0.06034668841733237,57
L81 (other disorders of pigmentation),0.6172924769396817,0.5571294209743245,0.060163055965357204,201
B35 (dermatophytosis),0.7025340835472692,0.6424069054394455,0.06012717810782375,1260
I69 (sequelae of cerebrovascular disease),0.7634700320662666,0.7033481503074928,0.060121881758773865,38
F02 (dementia in other diseases classified elsewhere),0.8583876149008225,0.7988055152394775,0.05958209966134498,30
H05 (disorders of orbit),0.5444870864419736,0.4851643910290527,0.059322695412920956,45
G95 (other diseases of spinal cord),0.5584483078995657,0.49943652727623,0.059011780623335675,68
L24 (irritant contact dermatitis),0.5920210777011924,0.5330167577515801,0.059004319949612305,37
Q82 (other congenital malformations of skin),0.6251585723409196,0.5661684277751974,0.05899014456572227,40
"I65 (occlusion and stenosis of precerebral arteries, not resulting in cerebral infarction)",0.7958160683434483,0.7368350600589728,0.0589810082844755,79
H25 (senile cataract),0.7666679072110802,0.7076963660604159,0.058971541150664386,1230
"A63 (other predominantly sexually transmitted diseases, not elsewhere classified)",0.8640256917875686,0.8050663150926145,0.0589593766949541,33
I63 (cerebral infarction),0.7618041431126653,0.7028456911794867,0.05895845193317861,282
J98 (other respiratory disorders),0.6457911387475676,0.5869267472448775,0.05886439150269007,738
B34 (viral infection of unspecified site),0.6179996875937923,0.559293396089835,0.05870629150395734,442
L80 (vitiligo),0.6777535711613241,0.619070024048572,0.05868354711275203,36
N61 (inflammatory disorders of breast),0.8426579568766117,0.7842923221579476,0.05836563471866407,51
J84 (other interstitial pulmonary diseases),0.7562041283212689,0.6978734716858523,0.05833065663541659,188
"E87 (other disorders of fluid, electrolyte and acid-base balance)",0.7569758472660395,0.6991086782656637,0.05786716900037581,646
I80 (phlebitis and thrombophlebitis),0.5990923845045315,0.541414410587174,0.05767797391735752,642
J04 (acute laryngitis and tracheitis),0.6650596642072851,0.6074217161447744,0.05763794806251077,150
L73 (other follicular disorders),0.641867534625395,0.5845743199980921,0.05729321462730297,152
K13 (other diseases of lip and oral mucosa),0.6010155366657304,0.5437476132003514,0.05726792346537901,298
H35 (other retinal disorders),0.6591917105085034,0.6020740263082022,0.05711768420030128,705
B37 (candidiasis),0.6440015389590985,0.586978911201992,0.057022627757106537,359
M15 (polyarthrosis),0.7000334937185205,0.6430621073146873,0.05697138640383326,596
I49 (other cardiac arrhythmias),0.6218586973981549,0.5651960684490237,0.05666262894913121,408
L42 (pityriasis rosea),0.6757445850693102,0.6198703545821829,0.05587423048712736,39
L92 (granulomatous disorders of skin and subcutaneous tissue),0.539163603293003,0.4832980545372983,0.05586554875570465,54
M43 (other deforming dorsopathies),0.6439801077634517,0.5883665008980288,0.05561360686542294,210
N17 (acute renal failure),0.85241241907059,0.7970597137677953,0.05535270530279468,579
M40 (kyphosis and lordosis),0.5902473787489986,0.535184459162716,0.05506291958628262,34
F00 (dementia in alzheimer's disease),0.8584768878503489,0.8034200525100944,0.05505683534025452,88
E66 (obesity),0.5888624266723212,0.5340442053603323,0.05481822131198899,1174
I21 (acute myocardial infarction),0.6863795165010962,0.6317385780174938,0.05464093848360241,523
D69 (purpura and other haemorrhagic conditions),0.6807284381413656,0.6262383852594082,0.05449005288195741,182
H10 (conjunctivitis),0.6912728741863221,0.6370211744700353,0.05425169971628685,725
A08 (viral and other specified intestinal infections),0.6040897384386105,0.549840373178773,0.05424936525983748,255
M06 (other rheumatoid arthritis),0.6252094583959114,0.5709987798371561,0.054210678558755276,362
J43 (emphysema),0.7746926242063814,0.7205177744135742,0.05417484979280718,137
H11 (other disorders of conjunctiva),0.6375920976087689,0.5834426839349683,0.05414941367380055,380
E55 (vitamin d deficiency),0.7760745598113464,0.7221280935467285,0.053946466264617965,296
L30 (other dermatitis),0.6746902244343796,0.6218405762473566,0.05284964818702309,1661
I83 (varicose veins of lower extremities),0.6065081107201734,0.5537882711034813,0.05271983961669213,671
F03 (unspecified dementia),0.8325113470924735,0.7801907611327927,0.05232058595968081,196
N20 (calculus of kidney and ureter),0.6600546041737687,0.6079425803921283,0.05211202378164037,262
"N31 (neuromuscular dysfunction of bladder, not elsewhere classified)",0.6328312427280851,0.5808798771173392,0.05195136561074587,177
G54 (nerve root and plexus disorders),0.5622903034536944,0.5106183900997576,0.05167191335393673,61
L85 (other epidermal thickening),0.6656693532207779,0.6143518494536614,0.051317503767116524,166
N18 (chronic renal failure),0.677731551473389,0.6268330413789707,0.05089851009441837,988
M51 (other intervertebral disk disorders),0.6475069274388454,0.5968329743031304,0.05067395313571499,711
N73 (other female pelvic inflammatory diseases),0.7902542488669917,0.7396028885737278,0.05065136029326389,68
F39 (unspecified mood [affective] disorder),0.6569793093839259,0.6064683885072037,0.050510920876722154,28
C25 Malignant neoplasm of pancreas,0.7264023701157967,0.6760977605037464,0.0503046096120503,24
M80 (osteoporosis with pathological fracture),0.7373046832333147,0.6870005203324144,0.05030416290090023,113
M46 (other inflammatory spondylopathies),0.6497799184375266,0.5997320204236313,0.05004789801389531,179
C34 Malignant neoplasm of bronchus and lung,0.7070108940404451,0.6570550516734218,0.04995584236702333,104
N30 (cystitis),0.6593103435992608,0.6095447241392387,0.049765619460022115,651
N36 (other disorders of urethra),0.5877949848664927,0.5384170897862568,0.049377895080235934,73
C62 Malignant neoplasm of testis,0.9288813421572042,0.8799658945779635,0.04891544757924071,20
M75 (shoulder lesions),0.6605905225040695,0.6118955655156787,0.04869495698839077,1218
G03 (meningitis due to other and unspecified causes),0.8909159261393986,0.8422684176468229,0.04864750849257571,44
A04 (other bacterial intestinal infections),0.5826803589749807,0.534535027580314,0.0481453313946667,282
E21 (hyperparathyroidism and other disorders of parathyroid gland),0.712291103377648,0.6641831283694433,0.04810797500820474,109
"H93 (other disorders of ear, not elsewhere classified)",0.6544770814376231,0.6065554774453406,0.04792160399228251,523
L27 (dermatitis due to substances taken internally),0.5632673885276358,0.5153913870181143,0.04787600150952154,40
C91 Lymphoid leukaemia,0.5658644275451923,0.5191735755800673,0.04669085196512501,23
D50 (iron deficiency anaemia),0.6670720611790277,0.6213167794237723,0.04575528175525545,820
K92 (other diseases of digestive system),0.6484160229579501,0.6027207945416919,0.04569522841625817,637
M13 (other arthritis),0.6481161115416538,0.6024459254028066,0.04567018613884721,1557
L03 (cellulitis),0.5950856830193332,0.5494227227057704,0.04566296031356276,1232
"I38 (endocarditis, valve unspecified)",0.6558652770682395,0.6105756112994613,0.04528966576877824,24
H02 (other disorders of eyelid),0.5685265536445397,0.5233066945727867,0.04521985907175308,484
J02 (acute pharyngitis),0.7155831762805807,0.6704775901659497,0.045105586114631,689
N13 (obstructive and reflux uropathy),0.7350661551392272,0.6908441506422044,0.04422200449702285,243
"L02 (cutaneous abscess, furuncle and carbuncle)",0.6179315521442983,0.5738109530017381,0.04412059914256017,385
"M53 (other dorsopathies, not elsewhere classified)",0.6364115280780677,0.5923300278273187,0.04408150025074897,224
J01 (acute sinusitis),0.7081944364010475,0.664128921886245,0.04406551451480256,667
"L97 (ulcer of lower limb, not elsewhere classified)",0.7211767270563132,0.6775620870164614,0.043614640039851826,74
K60 (fissure and fistula of anal and rectal regions),0.6877277251689614,0.6441258351246151,0.043601890044346336,150
I67 (other cerebrovascular diseases),0.7758803513261981,0.7322965138824259,0.043583837443772255,360
N42 (other disorders of prostate),0.8101188148079304,0.7671632504747041,0.042955564333226226,126
M66 (spontaneous rupture of synovium and tendon),0.5855783978437138,0.5428316866833175,0.0427467111603963,83
M23 (internal derangement of knee),0.7024634394775378,0.6597836615308658,0.04267977794667199,436
K76 (other diseases of liver),0.6522608591323419,0.609592210186195,0.04266864894614686,448
M86 (osteomyelitis),0.6704966442386164,0.627864476931626,0.04263216730699049,66
M67 (other disorders of synovium and tendon),0.6219494649406891,0.5795085591261251,0.042440905814564056,438
H83 (other diseases of inner ear),0.6497907855150724,0.6075782364870277,0.04221254902804472,474
L72 (follicular cysts of skin and subcutaneous tissue),0.5920195614002484,0.5498462855849233,0.04217327581532504,434
A07 (other protozoal intestinal diseases),0.6447285161125527,0.6025739851299032,0.04215453098264943,23
L40 (psoriasis),0.6600300766615392,0.6182804183784009,0.04174965828313837,411
J39 (other diseases of upper respiratory tract),0.5830108712241864,0.541274631542974,0.04173623968121243,56
G57 (mononeuropathies of lower limb),0.68079094459139,0.6390670759788519,0.04172386861253807,178
H04 (disorders of lachrymal system),0.6558415673138351,0.6145061673289951,0.04133539998484004,654
"J11 (influenza, virus not identified)",0.6988701734746736,0.6580811437150472,0.040789029759626394,299
A09 (diarrhoea and gastro-enteritis of presumed infectious origin),0.6610898726692904,0.6205552608105035,0.04053461185878693,757
F33 (recurrent depressive disorder),0.6730379708504926,0.6326540686194801,0.0403839022310124,84
D52 (folate deficiency anaemia),0.7626339591533433,0.722255975299446,0.04037798385389735,26
M12 (other specific arthropathies),0.6418904194253388,0.6016302178089423,0.04026020161639643,26
I61 (intracerebral haemorrhage),0.7483469614466716,0.7080894233114229,0.04025753813524868,64
I77 (other disorders of arteries and arterioles),0.7004762043060719,0.6605760145600991,0.03990018974597287,120
F31 (bipolar affective disorder),0.5827604338371104,0.5429680506374479,0.039792383199662495,37
E14 (unspecified diabetes mellitus),0.7549519363052746,0.7153271950758219,0.0396247412294527,547
"O99 (other maternal diseases classifiable elsewhere but complicating pregnancy, childbirth and the puerperium)",0.9801575552807724,0.940694780877208,0.03946277440356438,23
N41 (inflammatory diseases of prostate),0.8205302845401752,0.7812818771271719,0.03924840741300328,198
C50 Malignant neoplasm of breast,0.8398034690454206,0.8007045820377681,0.039098887007652516,389
M84 (disorders of continuity of bone),0.6820463040711728,0.643688445979189,0.03835785809198389,192
M72 (fibroblastic disorders),0.6823706155236531,0.6445904756157446,0.037780139907908517,1058
N72 (inflammatory disease of cervix uteri),0.8937101290136378,0.8563346558696394,0.03737547314399836,28
K59 (other functional intestinal disorders),0.662920921458939,0.6258632661429055,0.037057655316033444,982
L43 (lichen planus),0.6426750284098538,0.6059693021222022,0.03670572628765156,122
E22 (hyperfunction of pituitary gland),0.6291064990856579,0.5924079997677861,0.036698499317871724,25
N43 (hydrocele and spermatocele),0.8036021691608731,0.7671072120353006,0.03649495712557249,103
K14 (diseases of tongue),0.5714610468831697,0.5350184937740855,0.036442553109084175,150
M77 (other enthesopathies),0.738599789570344,0.7025651139147784,0.03603467565556562,1071
I48 (atrial fibrillation and flutter),0.705722067980869,0.669962295133319,0.03575977284755005,1420
H50 (other strabismus),0.633874782359591,0.5983320596177978,0.035542722741793265,69
I35 (nonrheumatic aortic valve disorders),0.7622783369421697,0.7270436175569722,0.03523471938519751,346
H34 (retinal vascular occlusions),0.6378567575939091,0.6029055343845087,0.03495122320940047,167
K40 (inguinal hernia),0.7702386925020452,0.7365519333548403,0.03368675914720498,992
"N28 (other disorders of kidney and ureter, not elsewhere classified)",0.6440657150056208,0.6106023762452999,0.033463338760320926,300
H81 (disorders of vestibular function),0.6191832128397075,0.5858072389385687,0.03337597390113878,625
K30 (dyspepsia),0.640646587539719,0.6074727169272731,0.03317387061244592,418
M11 (other crystal arthropathies),0.6665292791416311,0.6336212763281392,0.03290800281349182,59
G35 (multiple sclerosis),0.7656500394825465,0.7328818149822864,0.03276822450026007,52
I11 (hypertensive heart disease),0.6943224915018935,0.6616026985689696,0.03271979293292393,31
N75 (diseases of bartholin's gland),0.8414757771068013,0.8089080342972168,0.03256774280958452,60
H43 (disorders of vitreous body),0.6617799388019756,0.6295550394605708,0.03222489934140482,477
K52 (other non-infective gastro-enteritis and colitis),0.591098820080799,0.559283841263249,0.03181497881754991,686
J92 (pleural plaque),0.7927933962428552,0.7611154949550398,0.031677901287815335,128
L65 (other nonscarring hair loss),0.7271077076261816,0.695488038537583,0.03161966908859859,106
N86 (erosion and ectropion of cervix uteri),0.9041267537493952,0.8734216739235607,0.03070507982583448,30
I86 (varicose veins of other sites),0.7403047749717586,0.7099760315536152,0.0303287434181434,73
I44 (atrioventricular and left bundle-branch block),0.7422401222867447,0.7121740348217547,0.030066087464990066,379
H65 (nonsuppurative otitis media),0.6830409709945531,0.653233342245449,0.02980762874910403,159
H54 (blindness and low vision),0.6849422342424076,0.6552853272971977,0.02965690694520995,138
J45 (asthma),0.7525236328111546,0.7230131047445875,0.029510528066567177,1557
D86 (sarcoidosis),0.6333120935903391,0.6039740333255922,0.029338060264746946,40
D06 Carcinoma in situ of cervix uteri,0.9497712925249072,0.9204714343782924,0.029299858146614843,70
I95 (hypotension),0.7322966263700605,0.7033068376482334,0.028989788721827114,696
A37 (whooping cough),0.86774177093822,0.8389652136937868,0.028776557244433176,42
K05 (gingivitis and periodontal diseases),0.5485330294584446,0.520029371346727,0.028503658111717622,60
E80 (disorders of porphyrin and bilirubin metabolism),0.6159699602393236,0.5874766268306563,0.028493333408667332,74
L05 (pilonidal cyst),0.7330453446670808,0.7048692808560058,0.02817606381107507,51
H40 (glaucoma),0.5753000226172322,0.5474632129726045,0.027836809644627758,649
L50 (urticaria),0.6216386570245493,0.5944352493701397,0.02720340765440965,359
N88 (other noninflammatory disorders of cervix uteri),0.7893657059295898,0.7622163589265911,0.027149347002998647,49
"Q38 (other congenital malformations of tongue, mouth and pharynx)",0.5525538924084138,0.5254792133329684,0.027074679075445363,21
M10 (gout),0.699297164490395,0.6726178452248317,0.026679319265563328,691
D51 (vitamin b12 deficiency anaemia),0.560222839091238,0.5337021200212722,0.026520719069965892,131
B02 (zoster [herpes zoster]),0.6046541111601289,0.5784581467631508,0.026195964396978133,806
C82 Follicular [nodular] non-Hodgkin's lymphoma,0.5483590711175617,0.5228383164005805,0.02552075471698112,30
B00 (herpesviral [herpes simplex] infections),0.6478153926273749,0.6228101840378896,0.025005208589485295,146
"N85 (other noninflammatory disorders of uterus, except cervix)",0.8283369524918239,0.8037636750392219,0.02457327745260207,93
I60 (subarachnoid haemorrhage),0.6311915374662775,0.6067761277645252,0.024415409701752377,58
D41 Neoplasm of uncertain or unknown behaviour of urinary organs,0.7387142496819756,0.7142995143839876,0.02441473529798799,36
N81 (female genital prolapse),0.7818379782128486,0.7576243712516273,0.024213606961221323,509
E79 (disorders of purine and pyrimidine metabolism),0.6906520054657452,0.6671424176053833,0.023509587860361947,21
O72 (postpartum haemorrhage),0.9696113742346448,0.9461525128689108,0.02345886136573405,21
M71 (other bursopathies),0.6065727275514681,0.5831470153767332,0.02342571217473488,188
M81 (osteoporosis without pathological fracture),0.7299713858741458,0.7072317916002127,0.022739594273933128,900
K42 (umbilical hernia),0.6590044131496435,0.6368881758481285,0.022116237301515018,239
L90 (atrophic disorders of skin),0.6179303015371368,0.5962575646803898,0.021672736856746977,201
J32 (chronic sinusitis),0.6364525765519975,0.6148878880811071,0.021564688470890436,391
N39 (other disorders of urinary system),0.6084735946687908,0.587064879875996,0.021408714792794825,1510
K46 (unspecified abdominal hernia),0.5984934012633523,0.5771034813897682,0.021389919873584073,98
G93 (other disorders of brain),0.5632859690395283,0.5419182713252593,0.02136769771426905,125
G40 (epilepsy),0.6848451593655145,0.6641112307043342,0.02073392866118029,166
K58 (irritable bowel syndrome),0.7106629841654164,0.6904309492822227,0.020232034883193695,774
G20 (parkinson's disease),0.6787378583740298,0.6586694118164937,0.020068446557536035,142
F34 (persistent mood [affective] disorders),0.5579088930389916,0.5379786871087509,0.019930205930240752,26
M41 (scoliosis),0.6973844171687497,0.6775976572225266,0.01978675994622303,140
N84 (polyp of female genital tract),0.8543874934821977,0.8346081228349422,0.019779370647255434,323
N89 (other noninflammatory disorders of vagina),0.8527500129194101,0.8334626044498684,0.01928740846954169,302
F40 (phobic anxiety disorders),0.5682944697894714,0.5490662774209272,0.019228192368544228,115
J34 (other disorders of nose and nasal sinuses),0.633390716632924,0.6141903208912951,0.019200395741628906,488
I73 (other peripheral vascular diseases),0.6113460153059245,0.5924797731265206,0.018866242179403914,420
G50 (disorders of trigeminal nerve),0.5847859343498878,0.5662132871435197,0.018572647206368087,108
H18 (other disorders of cornea),0.6791126625866812,0.6607040490580749,0.018408613528606343,176
"E89 (postprocedural endocrine and metabolic disorders, not elsewhere classified)",0.6894867470124777,0.6711179402922782,0.01836880672019947,101
F32 (depressive episode),0.6742471793309459,0.6561525063118518,0.018094673019094065,1290
B86 (scabies),0.6791314829779613,0.6615650700087656,0.0175664129691957,76
J47 (bronchiectasis),0.6132431176892059,0.5959849023227226,0.01725821536648331,193
"C64 Malignant neoplasm of kidney, except renal pelvis",0.5165959758488325,0.4997218773650206,0.01687409848381194,46
E05 (thyrotoxicosis [hyperthyroidism]),0.707883855911142,0.6911180281787948,0.01676582773234725,199
N40 (hyperplasia of prostate),0.8014810579746922,0.7848604249389368,0.01662063303575534,1187
M85 (other disorders of bone density and structure),0.7267942482539105,0.7106811106232639,0.01611313763064659,852
O02 (other abnormal products of conception),0.9276159186065628,0.9117798000243232,0.015836118582239544,38
H16 (keratitis),0.5382213972887552,0.5224277437829588,0.015793653505796423,61
O34 (maternal care for known or suspected abnormality of pelvic organs),0.9776100594181024,0.9618629910361364,0.015747068381966045,29
K07 (dentofacial anomalies [including malocclusion]),0.5849253580357323,0.5693869546137368,0.015538403421995528,81
L71 (rosacea),0.584848262196725,0.5693666060601029,0.015481656136622113,210
N45 (orchitis and epididymitis),0.7919046368440752,0.7766314949135752,0.0152731419305,133
"A15 (respiratory tuberculosis, bacteriologically and histologically confirmed)",0.9366621880272566,0.921458117651436,0.01520407037582061,49
C61 Malignant neoplasm of prostate,0.8549441567737486,0.8398101632798505,0.015133993493898101,391
O04 (medical abortion),0.9679536277831408,0.9529975509277656,0.014956076855375144,83
N64 (other disorders of breast),0.7887253222497779,0.7739875386546646,0.01473778359511324,380
F41 (other anxiety disorders),0.6108934237849694,0.5962245565725328,0.014668867212436543,844
"G98 (other disorders of nervous system, not elsewhere classified)",0.7881545993075254,0.773844814426201,0.014309784881324394,43
D75 (other diseases of blood and blood-forming organs),0.5882876077186041,0.5746375578882583,0.01365004983034579,89
O82 (single delivery by caesarean section),0.9695890055588112,0.9563322582931632,0.013256747265648072,53
L70 (acne),0.8118854385138624,0.7987328384423942,0.013152600071468235,115
M05 (seropositive rheumatoid arthritis),0.6640904319412502,0.6511369578516939,0.012953474089556272,49
M35 (other systemic involvement of connective tissue),0.6954848368239216,0.6829241590628946,0.012560677761026984,319
O36 (maternal care for other known or suspected foetal problems),0.9419662208186266,0.9295064468001116,0.012459774018514946,24
N76 (other inflammation of vagina and vulva),0.8200042146919823,0.8077387322741298,0.012265482417852414,106
O68 (labour and delivery complicated by foetal stress [distress]),0.9865822623664332,0.9745731751818764,0.012009087184556844,28
F01 (vascular dementia),0.7654575842503394,0.7536898377248663,0.011767746525473077,78
I45 (other conduction disorders),0.7185123283634118,0.707097304556787,0.011415023806624847,233
F17 (mental and behavioural disorders due to use of tobacco),0.6906159015824845,0.6795134598289356,0.011102441753548908,1110
M20 (acquired deformities of fingers and toes),0.6741419895354905,0.6631363797811944,0.011005609754296097,673
N48 (other disorders of penis),0.8015423114608426,0.791110563815844,0.010431747644998657,301
M31 (other necrotising vasculopathies),0.6804308201863176,0.6701753849295454,0.010255435256772194,86
N63 (unspecified lump in breast),0.8477990588608131,0.8375690727365489,0.010229986124264179,371
K08 (other disorders of teeth and supporting structures),0.5430443104634108,0.5329752893301163,0.010069021133294553,139
N90 (other noninflammatory disorders of vulva and perineum),0.7837360620297005,0.7739547762849909,0.0097812857447096,173
N21 (calculus of lower urinary tract),0.7539496825959564,0.7442054144905901,0.009744268105366327,83
G56 (mononeuropathies of upper limb),0.5875691617980585,0.5779343211151611,0.009634840682897439,799
J03 (acute tonsillitis),0.8246590843404079,0.8150965752891517,0.009562509051256218,367
O26 (maternal care for other conditions predominantly related to pregnancy),0.9578893333726312,0.9484356062737408,0.009453727098890363,26
G45 (transient cerebral ischaemic attacks and related syndromes),0.6130047458323507,0.6038190554473509,0.009185690384999723,496
M22 (disorders of patella),0.6979066762868438,0.6888027276173824,0.009103948669461404,77
N60 (benign mammary dysplasia),0.904259299318082,0.8952099685477104,0.009049330770371622,295
J33 (nasal polyp),0.638013220463958,0.6290882594455007,0.0089249610184573,183
E28 (ovarian dysfunction),0.8896098429427699,0.8807466736971893,0.008863169245580615,44
E03 (other hypothyroidism),0.6916335257863369,0.6828937266586597,0.008739799127677195,876
"N83 (noninflammatory disorders of ovary, fallopian tube and broad ligament)",0.8196000352803452,0.8110804359521604,0.008519599328184801,203
G43 (migraine),0.7508168949507841,0.7430912732964888,0.007725621654295245,519
H91 (other hearing loss),0.629551285789041,0.6226476975405546,0.006903588248486359,780
N87 (dysplasia of cervix uteri),0.94193972524204,0.9351878635902364,0.006751861651803526,149
B27 (infectious mononucleosis),0.9158633253998572,0.9093311465989776,0.006532178800879529,69
"D47 Other neoplasms of uncertain or unknown behaviour of lymphoid, haematopoietic and related tissue",0.5980052895923249,0.5916294565105609,0.006375833081764037,28
B49 (unspecified mycosis),0.5961416350075288,0.5899776057039248,0.006164029303604046,21
"N92 (excessive, frequent and irregular menstruation)",0.9422233076452576,0.936924933231262,0.00529837441399561,432
O80 (single spontaneous delivery),0.970266809389254,0.9650570824203204,0.005209726968933626,271
"N91 (absent, scanty and rare menstruation)",0.9234324382576286,0.9190112149342808,0.004421223323347712,32
O70 (perineal laceration during delivery),0.9721056993721156,0.9678381622341856,0.004267537137929933,67
B05 (measles),0.9745701200828336,0.9705358718240276,0.00403424825880605,128
H53 (visual disturbances),0.5787504488373159,0.5750017766848374,0.0037486721524784272,449
G24 (dystonia),0.5650748492853757,0.5613826716082355,0.0036921776771401404,45
N95 (menopausal and other perimenopausal disorders),0.8506411056851336,0.8469622977366241,0.0036788079485094993,921
H00 (hordeolum and chalazion),0.6183299996433719,0.6148520078697364,0.0034779917736355026,436
I00 (rheumatic fever without mention of heart involvement),0.9231150586323,0.9202459944270288,0.002869064205271221,20
"F53 (mental and behavioural disorders associated with the puerperium, not elsewhere classified)",0.9759621524921605,0.9732973712344294,0.0026647812577310637,26
N93 (other abnormal uterine and vaginal bleeding),0.8764341085663007,0.8740561069554708,0.002378001610829905,184
B26 (mumps),0.9443685876421168,0.9420253307718288,0.002343256870288024,95
O03 (spontaneous abortion),0.9739761800360854,0.9717181486568632,0.002258031379222203,96
"F52 (sexual dysfunction, not caused by organic disorder or disease)",0.6703468099531747,0.668363582442594,0.001983227510580776,52
E29 (testicular dysfunction),0.6973284158425695,0.6955615899960523,0.001766825846517217,28
N23 (unspecified renal colic),0.7359404071544009,0.7344443469565962,0.0014960601978046828,157
B06 (rubella [german measles]),0.946911165302212,0.9457419148812634,0.0011692504209486199,50
"J38 (diseases of vocal cords and larynx, not elsewhere classified)",0.557637737834008,0.5574973949050803,0.00014034292892772804,114
J30 (vasomotor and allergic rhinitis),0.766844054687305,0.7668856032046072,-4.1548517302203436e-05,1035
N46 (male infertility),0.950417408558928,0.9514300033808448,-0.0010125948219168457,21
B01 (varicella [chickenpox]),0.9281162868279952,0.9292567424953542,-0.001140455667358986,214
N94 (pain and other conditions associated with female genital organs and menstrual cycle),0.8942864937706165,0.89596140853093,-0.0016749147603134507,194
"F43 (reaction to severe stress, and adjustment disorders)",0.7615642983322548,0.7633722266995202,-0.001807928367265399,364
K61 (abscess of anal and rectal regions),0.6818766028594966,0.683797865504302,-0.0019212626448054104,81
L56 (other acute skin changes due to ultraviolet radiation),0.5522635627412847,0.5542823140112043,-0.002018751269919572,25
O81 (single delivery by forceps and vacuum extractor),0.9778682456339568,0.9800039588501026,-0.002135713216145807,43
G51 (facial nerve disorders),0.5286536833583222,0.5309293411559791,-0.002275657797656927,83
H49 (paralytic strabismus),0.5026096592624496,0.505094027961634,-0.002484368699184447,44
Q61 (cystic kidney disease),0.57439103680483,0.5779991001973761,-0.003608063392546157,20
G62 (other polyneuropathies),0.611834145659649,0.6155008036887232,-0.003666658029074177,185
G30 (alzheimer's disease),0.8067610063448318,0.8106552861341308,-0.0038942797892990155,181
M89 (other disorders of bone),0.6054891769861412,0.6095518236133523,-0.0040626466272110084,165
N50 (other disorders of male genital organs),0.824583566059252,0.8291619660639526,-0.004578400004700667,404
N97 (female infertility),0.9622284755861972,0.9669720988299508,-0.0047436232437536585,65
K04 (diseases of pulp and periapical tissues),0.5960399790106051,0.600948618814027,-0.0049086398034218215,261
Q76 (congenital malformations of spine and bony thorax),0.6715195053988158,0.6766388018112155,-0.005119296412399721,20
N80 (endometriosis),0.8954943802276952,0.902457984820322,-0.006963604592626793,120
K11 (diseases of salivary glands),0.5023013641383864,0.5095078733855325,-0.0072065092471460535,133
D05 Carcinoma in situ of breast,0.7937868362221642,0.801138558912272,-0.007351722690107865,65
E23 (hypofunction and other disorders of pituitary gland),0.5956555239007559,0.60418365865897,-0.008528134758214012,35
K37 (unspecified appendicitis),0.8722084131869834,0.8809280446018933,-0.008719631414909945,90
F10 (mental and behavioural disorders due to use of alcohol),0.605586905999484,0.6165845434420303,-0.010997637442546337,248
L53 (other erythematous conditions),0.6177861580444755,0.6295821866109272,-0.011796028566451788,50
J61 (pneumoconiosis due to asbestos and other mineral fibres),0.7388404178565982,0.7514743186801336,-0.012633900823535438,33
D03 Melanoma in situ,0.6151414108501247,0.628238144416175,-0.013096733566050234,41
G47 (sleep disorders),0.5758321940805882,0.5905562933322268,-0.014724099251638645,519
E04 (other non-toxic goitre),0.6273717722151451,0.6428142336191035,-0.01544246140395844,158
J35 (chronic diseases of tonsils and adenoids),0.5899048614852089,0.6060748496358088,-0.01616998815059989,46
N02 (recurrent and persistent haematuria),0.5481962101136597,0.5645204316243011,-0.01632422151064139,53
I71 (aortic aneurysm and dissection),0.7384641768446731,0.7570082219024367,-0.018544045057763525,184
C56 Malignant neoplasm of ovary,0.7462790644975886,0.7659401178226795,-0.019661053325090827,31
"N47 (redundant prepuce, phimosis and paraphimosis)",0.7839494676216368,0.8037547305578789,-0.019805262936242185,128
K35 (acute appendicitis),0.607500617519223,0.6292379790869745,-0.021737361567751523,106
K70 (alcoholic liver disease),0.586807096028836,0.608911723631899,-0.022104627603063087,31
M95 (other acquired deformities of musculoskeletal system and connective tissue),0.7195796450173668,0.7418328588294794,-0.022253213812112538,61
I62 (other nontraumatic intracranial haemorrhage),0.7146549298989637,0.737233737708311,-0.02257880780934729,51
G44 (other headache syndromes),0.6080028663312151,0.6318285980130247,-0.02382573168180957,164
H21 (other disorders of iris and ciliary body),0.6735981865244253,0.6985533714567633,-0.02495518493233806,41
"J40 (bronchitis, not specified as acute or chronic)",0.6281697661190206,0.6547254444545278,-0.026555678335507205,245
I89 (other non-infective disorders of lymphatic vessels and lymph nodes),0.6549151998386069,0.6839007310068882,-0.028985531168281287,95
K02 (dental caries),0.4818238455493898,0.5125246132468115,-0.03070076769742175,132
C15 Malignant neoplasm of oesophagus,0.6795427762006769,0.7107204073993585,-0.031177631198681555,23
"N99 (postprocedural disorders of genito-urinary system, not elsewhere classified)",0.6187581622571868,0.6572734085943319,-0.03851524633714509,52
Q66 (congenital deformities of feet),0.6394432917943895,0.6804259882553063,-0.04098269646091679,32
B80 (enterobiasis),0.5391781680184271,0.5835153096813204,-0.044337141662893265,26
H73 (other disorders of tympanic membrane),0.5457932766734782,0.5977544565452969,-0.0519611798718187,24
C90 Multiple myeloma and malignant plasma cell neoplasms,0.7139230099285838,0.7714165940892992,-0.05749358416071537,50
C83 Diffuse non-Hodgkin's lymphoma,0.5180370740216076,0.5782563140402892,-0.06021924001868162,36
"K09 (cysts of oral region, not elsewhere classified)",0.5091161081272952,0.5734336279736333,-0.06431751984633804,28
"B08 (other viral infections characterised by skin and mucous membrane lesions, not elsewhere classified)",0.6027183099106375,0.6701911980891156,-0.06747288817847819,27
H15 (disorders of sclera),0.5752106219662309,0.6433357682392392,-0.06812514627300836,52
N03 (chronic nephritic syndrome),0.5298296130736408,0.5993163623697425,-0.06948674929610166,25
K06 (other disorders of gingiva and edentulous alveolar ridge),0.4821579197352043,0.5663073975382034,-0.08414947780299908,27
D07 Carcinoma in situ of other and unspecified genital organs,0.5678882214738106,0.6877306016770428,-0.11984238020323223,21
L51 (erythema multiforme),0.3804073821286274,0.5338583456417647,-0.1534509635131373,21
