epoch,train_loss,dev_nll,elapsed_sec
1,5.871799540618953,5.564590702235333,11.5
2,5.492314190335155,5.450256371494077,10.0
3,5.400400605647849,5.387627308770325,7.3
4,5.344949423875956,5.348711940459225,8.0
5,5.303526337133378,5.320607089206223,7.4
6,5.266943201339253,5.2977881653026815,7.3
7,5.2354989306104835,5.284864881372852,7.5
8,5.207496764054432,5.270734710878257,7.3
9,5.181574221254757,5.261251957623604,7.3
10,5.157821063791513,5.255871916706812,7.2
11,5.137429204519678,5.248217803289877,7.2
12,5.115555708121551,5.248376207986464,7.5
13,5.096395451219119,5.244568530705496,7.2
14,5.079102168375413,5.2432636285872265,7.7
15,5.061751516347213,5.242659910981714,7.3
16,5.04827631751092,5.244277124964437,7.4
17,5.033424488039451,5.243705987782487,7.3
18,5.019905479521087,5.245903012046132,7.2
19,5.006699423891563,5.24499096045639,7.3
